Workspace / route,Component,DOM selector candidate,Owning sources,Existing functionality,Proposed treatment,Interaction contract,State dependencies,Accessibility requirements,Regression tests,Implementation status,Verification evidence
Global / shared / route ownership pending runtime inventory,id,#addExclusionBtn,web/index.html,Preserve existing action/value/state,Shared native controls/surface/type tokens,"Retain IDs, handlers, options and source bytes","Empty, loaded, busy, stale, error, partial; conditional runtime review required","Name, keyboard, visible focus, semantic state; colour-independent evidence",Existing smoke/unit suites + uiux-review; per-state browser evidence pending,Source owner reviewed; shared tokens applied; interaction/state verification pending,Static source discovery only
Global / shared / route ownership pending runtime inventory,id,#addFilesBtn,web/index.html,Preserve existing action/value/state,Shared native controls/surface/type tokens,"Retain IDs, handlers, options and source bytes","Empty, loaded, busy, stale, error, partial; conditional runtime review required","Name, keyboard, visible focus, semantic state; colour-independent evidence",Existing smoke/unit suites + uiux-review; per-state browser evidence pending,Source owner reviewed; shared tokens applied; interaction/state verification pending,Static source discovery only
Global / shared / route ownership pending runtime inventory,id,#analysisEnd,web/index.html,Preserve existing action/value/state,Shared native controls/surface/type tokens,"Retain IDs, handlers, options and source bytes","Empty, loaded, busy, stale, error, partial; conditional runtime review required","Name, keyboard, visible focus, semantic state; colour-independent evidence",Existing smoke/unit suites + uiux-review; per-state browser evidence pending,Source owner reviewed; shared tokens applied; interaction/state verification pending,Static source discovery only
Global / shared / route ownership pending runtime inventory,id,#analysisStart,web/index.html,Preserve existing action/value/state,Shared native controls/surface/type tokens,"Retain IDs, handlers, options and source bytes","Empty, loaded, busy, stale, error, partial; conditional runtime review required","Name, keyboard, visible focus, semantic state; colour-independent evidence",Existing smoke/unit suites + uiux-review; per-state browser evidence pending,Source owner reviewed; shared tokens applied; interaction/state verification pending,Static source discovery only
Global / shared / route ownership pending runtime inventory,id,#appVersion,web/index.html,Preserve existing action/value/state,Shared native controls/surface/type tokens,"Retain IDs, handlers, options and source bytes","Empty, loaded, busy, stale, error, partial; conditional runtime review required","Name, keyboard, visible focus, semantic state; colour-independent evidence",Existing smoke/unit suites + uiux-review; per-state browser evidence pending,Source owner reviewed; shared tokens applied; interaction/state verification pending,Static source discovery only
Global / shared / route ownership pending runtime inventory,id,#applyMappingBtn,web/index.html,Preserve existing action/value/state,Shared native controls/surface/type tokens,"Retain IDs, handlers, options and source bytes","Empty, loaded, busy, stale, error, partial; conditional runtime review required","Name, keyboard, visible focus, semantic state; colour-independent evidence",Existing smoke/unit suites + uiux-review; per-state browser evidence pending,Source owner reviewed; shared tokens applied; interaction/state verification pending,Static source discovery only
Flow Survey / Monthly Review,id,#assessmentPopup,web/assets/workflow-26.js,Preserve existing action/value/state,Shared native controls/surface/type tokens,"Retain IDs, handlers, options and source bytes","Empty, loaded, busy, stale, error, partial; conditional runtime review required","Name, keyboard, visible focus, semantic state; colour-independent evidence",Existing smoke/unit suites + uiux-review; per-state browser evidence pending,Source owner reviewed; shared tokens applied; interaction/state verification pending,Static source discovery only
Flow Survey / Monthly Review,id,#assessmentPopupTitle,web/assets/workflow-26.js,Preserve existing action/value/state,Shared native controls/surface/type tokens,"Retain IDs, handlers, options and source bytes","Empty, loaded, busy, stale, error, partial; conditional runtime review required","Name, keyboard, visible focus, semantic state; colour-independent evidence",Existing smoke/unit suites + uiux-review; per-state browser evidence pending,Source owner reviewed; shared tokens applied; interaction/state verification pending,Static source discovery only
Flow Survey / Monthly Review,id,#assocFileInput,web/assets/workbench-survey.js,Preserve existing action/value/state,Shared native controls/surface/type tokens,"Retain IDs, handlers, options and source bytes","Empty, loaded, busy, stale, error, partial; conditional runtime review required","Name, keyboard, visible focus, semantic state; colour-independent evidence",Existing smoke/unit suites + uiux-review; per-state browser evidence pending,Source owner reviewed; shared tokens applied; interaction/state verification pending,Static source discovery only
Flow Survey / Monthly Review,id,#chooseAssocBtn,web/assets/workbench-survey.js,Preserve existing action/value/state,Shared native controls/surface/type tokens,"Retain IDs, handlers, options and source bytes","Empty, loaded, busy, stale, error, partial; conditional runtime review required","Name, keyboard, visible focus, semantic state; colour-independent evidence",Existing smoke/unit suites + uiux-review; per-state browser evidence pending,Source owner reviewed; shared tokens applied; interaction/state verification pending,Static source discovery only
Global / shared / route ownership pending runtime inventory,id,#chooseFolderBtn,web/index.html,Preserve existing action/value/state,Shared native controls/surface/type tokens,"Retain IDs, handlers, options and source bytes","Empty, loaded, busy, stale, error, partial; conditional runtime review required","Name, keyboard, visible focus, semantic state; colour-independent evidence",Existing smoke/unit suites + uiux-review; per-state browser evidence pending,Source owner reviewed; shared tokens applied; interaction/state verification pending,Static source discovery only
Global / shared / route ownership pending runtime inventory,id,#clearPeriodBtn,web/index.html,Preserve existing action/value/state,Shared native controls/surface/type tokens,"Retain IDs, handlers, options and source bytes","Empty, loaded, busy, stale, error, partial; conditional runtime review required","Name, keyboard, visible focus, semantic state; colour-independent evidence",Existing smoke/unit suites + uiux-review; per-state browser evidence pending,Source owner reviewed; shared tokens applied; interaction/state verification pending,Static source discovery only
Global / shared / route ownership pending runtime inventory,id,#clearPoolBtn,web/index.html,Preserve existing action/value/state,Shared native controls/surface/type tokens,"Retain IDs, handlers, options and source bytes","Empty, loaded, busy, stale, error, partial; conditional runtime review required","Name, keyboard, visible focus, semantic state; colour-independent evidence",Existing smoke/unit suites + uiux-review; per-state browser evidence pending,Source owner reviewed; shared tokens applied; interaction/state verification pending,Static source discovery only
Global / shared / route ownership pending runtime inventory,id,#comparisonBasisNotice,web/index.html,Preserve existing action/value/state,Shared native controls/surface/type tokens,"Retain IDs, handlers, options and source bytes","Empty, loaded, busy, stale, error, partial; conditional runtime review required","Name, keyboard, visible focus, semantic state; colour-independent evidence",Existing smoke/unit suites + uiux-review; per-state browser evidence pending,Source owner reviewed; shared tokens applied; interaction/state verification pending,Static source discovery only
Global / shared / route ownership pending runtime inventory,id,#comparisonMethodNote,web/index.html,Preserve existing action/value/state,Shared native controls/surface/type tokens,"Retain IDs, handlers, options and source bytes","Empty, loaded, busy, stale, error, partial; conditional runtime review required","Name, keyboard, visible focus, semantic state; colour-independent evidence",Existing smoke/unit suites + uiux-review; per-state browser evidence pending,Source owner reviewed; shared tokens applied; interaction/state verification pending,Static source discovery only
Flow Survey / Monthly Review,id,#completeSurveyMonitors,web/assets/workbench-survey.js,Preserve existing action/value/state,Shared native controls/surface/type tokens,"Retain IDs, handlers, options and source bytes","Empty, loaded, busy, stale, error, partial; conditional runtime review required","Name, keyboard, visible focus, semantic state; colour-independent evidence",Existing smoke/unit suites + uiux-review; per-state browser evidence pending,Source owner reviewed; shared tokens applied; interaction/state verification pending,Static source discovery only
Flow Survey / Monthly Review,id,#completeSurveyStatus,web/assets/workbench-survey.js,Preserve existing action/value/state,Shared native controls/surface/type tokens,"Retain IDs, handlers, options and source bytes","Empty, loaded, busy, stale, error, partial; conditional runtime review required","Name, keyboard, visible focus, semantic state; colour-independent evidence",Existing smoke/unit suites + uiux-review; per-state browser evidence pending,Source owner reviewed; shared tokens applied; interaction/state verification pending,Static source discovery only
Flow Survey / Monthly Review,id,#completeSurveySummary,web/assets/workbench-survey.js,Preserve existing action/value/state,Shared native controls/surface/type tokens,"Retain IDs, handlers, options and source bytes","Empty, loaded, busy, stale, error, partial; conditional runtime review required","Name, keyboard, visible focus, semantic state; colour-independent evidence",Existing smoke/unit suites + uiux-review; per-state browser evidence pending,Source owner reviewed; shared tokens applied; interaction/state verification pending,Static source discovery only
Global / shared / route ownership pending runtime inventory,id,#cumulativeChart,web/index.html,Preserve existing action/value/state,Shared native controls/surface/type tokens,"Retain IDs, handlers, options and source bytes","Empty, loaded, busy, stale, error, partial; conditional runtime review required","Name, keyboard, visible focus, semantic state; colour-independent evidence",Existing smoke/unit suites + uiux-review; per-state browser evidence pending,Source owner reviewed; shared tokens applied; interaction/state verification pending,Static source discovery only
Global / shared / route ownership pending runtime inventory,id,#cumulativeRainChart,web/assets/workbench-v3.js,Preserve existing action/value/state,Shared native controls/surface/type tokens,"Retain IDs, handlers, options and source bytes","Empty, loaded, busy, stale, error, partial; conditional runtime review required","Name, keyboard, visible focus, semantic state; colour-independent evidence",Existing smoke/unit suites + uiux-review; per-state browser evidence pending,Source owner reviewed; shared tokens applied; interaction/state verification pending,Static source discovery only
Global / shared / route ownership pending runtime inventory,id,#cumulativeRainSummary,web/assets/workbench-v3.js,Preserve existing action/value/state,Shared native controls/surface/type tokens,"Retain IDs, handlers, options and source bytes","Empty, loaded, busy, stale, error, partial; conditional runtime review required","Name, keyboard, visible focus, semantic state; colour-independent evidence",Existing smoke/unit suites + uiux-review; per-state browser evidence pending,Source owner reviewed; shared tokens applied; interaction/state verification pending,Static source discovery only
Global / shared / route ownership pending runtime inventory,id,#cumulativeRainTotals,web/assets/workbench-v3.js,Preserve existing action/value/state,Shared native controls/surface/type tokens,"Retain IDs, handlers, options and source bytes","Empty, loaded, busy, stale, error, partial; conditional runtime review required","Name, keyboard, visible focus, semantic state; colour-independent evidence",Existing smoke/unit suites + uiux-review; per-state browser evidence pending,Source owner reviewed; shared tokens applied; interaction/state verification pending,Static source discovery only
Global / shared / route ownership pending runtime inventory,id,#domainRegistryBody,web/assets/domain-registry.js,Preserve existing action/value/state,Shared native controls/surface/type tokens,"Retain IDs, handlers, options and source bytes","Empty, loaded, busy, stale, error, partial; conditional runtime review required","Name, keyboard, visible focus, semantic state; colour-independent evidence",Existing smoke/unit suites + uiux-review; per-state browser evidence pending,Source owner reviewed; shared tokens applied; interaction/state verification pending,Static source discovery only
Global / shared / route ownership pending runtime inventory,id,#domainRegistryMetrics,web/assets/domain-registry.js,Preserve existing action/value/state,Shared native controls/surface/type tokens,"Retain IDs, handlers, options and source bytes","Empty, loaded, busy, stale, error, partial; conditional runtime review required","Name, keyboard, visible focus, semantic state; colour-independent evidence",Existing smoke/unit suites + uiux-review; per-state browser evidence pending,Source owner reviewed; shared tokens applied; interaction/state verification pending,Static source discovery only
Global / shared / route ownership pending runtime inventory,id,#domainRegistryPanel,web/assets/domain-registry.js,Preserve existing action/value/state,Shared native controls/surface/type tokens,"Retain IDs, handlers, options and source bytes","Empty, loaded, busy, stale, error, partial; conditional runtime review required","Name, keyboard, visible focus, semantic state; colour-independent evidence",Existing smoke/unit suites + uiux-review; per-state browser evidence pending,Source owner reviewed; shared tokens applied; interaction/state verification pending,Static source discovery only
Global / shared / route ownership pending runtime inventory,id,#domainRegistrySummary,web/assets/domain-registry.js,Preserve existing action/value/state,Shared native controls/surface/type tokens,"Retain IDs, handlers, options and source bytes","Empty, loaded, busy, stale, error, partial; conditional runtime review required","Name, keyboard, visible focus, semantic state; colour-independent evidence",Existing smoke/unit suites + uiux-review; per-state browser evidence pending,Source owner reviewed; shared tokens applied; interaction/state verification pending,Static source discovery only
Global / shared / route ownership pending runtime inventory,id,#downloadFourPeriodBtn,web/index.html,Preserve existing action/value/state,Shared native controls/surface/type tokens,"Retain IDs, handlers, options and source bytes","Empty, loaded, busy, stale, error, partial; conditional runtime review required","Name, keyboard, visible focus, semantic state; colour-independent evidence",Existing smoke/unit suites + uiux-review; per-state browser evidence pending,Source owner reviewed; shared tokens applied; interaction/state verification pending,Static source discovery only
Global / shared / route ownership pending runtime inventory,id,#downloadReportBtn,web/index.html,Preserve existing action/value/state,Shared native controls/surface/type tokens,"Retain IDs, handlers, options and source bytes","Empty, loaded, busy, stale, error, partial; conditional runtime review required","Name, keyboard, visible focus, semantic state; colour-independent evidence",Existing smoke/unit suites + uiux-review; per-state browser evidence pending,Source owner reviewed; shared tokens applied; interaction/state verification pending,Static source discovery only
Global / shared / route ownership pending runtime inventory,id,#downloadWorkspaceBtn,web/index.html,Preserve existing action/value/state,Shared native controls/surface/type tokens,"Retain IDs, handlers, options and source bytes","Empty, loaded, busy, stale, error, partial; conditional runtime review required","Name, keyboard, visible focus, semantic state; colour-independent evidence",Existing smoke/unit suites + uiux-review; per-state browser evidence pending,Source owner reviewed; shared tokens applied; interaction/state verification pending,Static source discovery only
Global / shared / route ownership pending runtime inventory,id,#dropzone,web/index.html,Preserve existing action/value/state,Shared native controls/surface/type tokens,"Retain IDs, handlers, options and source bytes","Empty, loaded, busy, stale, error, partial; conditional runtime review required","Name, keyboard, visible focus, semantic state; colour-independent evidence",Existing smoke/unit suites + uiux-review; per-state browser evidence pending,Source owner reviewed; shared tokens applied; interaction/state verification pending,Static source discovery only
Detriment,id,#dtApplyIds,web/assets/detriment-workspace.js,Preserve existing action/value/state,Shared native controls/surface/type tokens,"Retain IDs, handlers, options and source bytes","Empty, loaded, busy, stale, error, partial; conditional runtime review required","Name, keyboard, visible focus, semantic state; colour-independent evidence",Existing smoke/unit suites + uiux-review; per-state browser evidence pending,Source owner reviewed; shared tokens applied; interaction/state verification pending,Static source discovery only
Detriment,id,#dtAssetIds,web/assets/detriment-workspace.js,Preserve existing action/value/state,Shared native controls/surface/type tokens,"Retain IDs, handlers, options and source bytes","Empty, loaded, busy, stale, error, partial; conditional runtime review required","Name, keyboard, visible focus, semantic state; colour-independent evidence",Existing smoke/unit suites + uiux-review; per-state browser evidence pending,Source owner reviewed; shared tokens applied; interaction/state verification pending,Static source discovery only
Detriment,id,#dtChart,web/assets/detriment-workspace.js,Preserve existing action/value/state,Shared native controls/surface/type tokens,"Retain IDs, handlers, options and source bytes","Empty, loaded, busy, stale, error, partial; conditional runtime review required","Name, keyboard, visible focus, semantic state; colour-independent evidence",Existing smoke/unit suites + uiux-review; per-state browser evidence pending,Source owner reviewed; shared tokens applied; interaction/state verification pending,Static source discovery only
Detriment,id,#dtClearIds,web/assets/detriment-workspace.js,Preserve existing action/value/state,Shared native controls/surface/type tokens,"Retain IDs, handlers, options and source bytes","Empty, loaded, busy, stale, error, partial; conditional runtime review required","Name, keyboard, visible focus, semantic state; colour-independent evidence",Existing smoke/unit suites + uiux-review; per-state browser evidence pending,Source owner reviewed; shared tokens applied; interaction/state verification pending,Static source discovery only
Detriment,id,#dtClose,web/assets/detriment-workspace.js,Preserve existing action/value/state,Shared native controls/surface/type tokens,"Retain IDs, handlers, options and source bytes","Empty, loaded, busy, stale, error, partial; conditional runtime review required","Name, keyboard, visible focus, semantic state; colour-independent evidence",Existing smoke/unit suites + uiux-review; per-state browser evidence pending,Source owner reviewed; shared tokens applied; interaction/state verification pending,Static source discovery only
Detriment,id,#dtDrawer,web/assets/detriment-workspace.js,Preserve existing action/value/state,Shared native controls/surface/type tokens,"Retain IDs, handlers, options and source bytes","Empty, loaded, busy, stale, error, partial; conditional runtime review required","Name, keyboard, visible focus, semantic state; colour-independent evidence",Existing smoke/unit suites + uiux-review; per-state browser evidence pending,Source owner reviewed; shared tokens applied; interaction/state verification pending,Static source discovery only
Detriment,id,#dtDurationChart,web/assets/detriment-workspace.js,Preserve existing action/value/state,Shared native controls/surface/type tokens,"Retain IDs, handlers, options and source bytes","Empty, loaded, busy, stale, error, partial; conditional runtime review required","Name, keyboard, visible focus, semantic state; colour-independent evidence",Existing smoke/unit suites + uiux-review; per-state browser evidence pending,Source owner reviewed; shared tokens applied; interaction/state verification pending,Static source discovery only
Detriment,id,#dtExportCsv,web/assets/detriment-workspace.js,Preserve existing action/value/state,Shared native controls/surface/type tokens,"Retain IDs, handlers, options and source bytes","Empty, loaded, busy, stale, error, partial; conditional runtime review required","Name, keyboard, visible focus, semantic state; colour-independent evidence",Existing smoke/unit suites + uiux-review; per-state browser evidence pending,Source owner reviewed; shared tokens applied; interaction/state verification pending,Static source discovery only
Detriment,id,#dtExportHtml,web/assets/detriment-workspace.js,Preserve existing action/value/state,Shared native controls/surface/type tokens,"Retain IDs, handlers, options and source bytes","Empty, loaded, busy, stale, error, partial; conditional runtime review required","Name, keyboard, visible focus, semantic state; colour-independent evidence",Existing smoke/unit suites + uiux-review; per-state browser evidence pending,Source owner reviewed; shared tokens applied; interaction/state verification pending,Static source discovery only
Detriment,id,#dtExportViewCsv,web/assets/detriment-workspace.js,Preserve existing action/value/state,Shared native controls/surface/type tokens,"Retain IDs, handlers, options and source bytes","Empty, loaded, busy, stale, error, partial; conditional runtime review required","Name, keyboard, visible focus, semantic state; colour-independent evidence",Existing smoke/unit suites + uiux-review; per-state browser evidence pending,Source owner reviewed; shared tokens applied; interaction/state verification pending,Static source discovery only
Detriment,id,#dtExportViewHtml,web/assets/detriment-workspace.js,Preserve existing action/value/state,Shared native controls/surface/type tokens,"Retain IDs, handlers, options and source bytes","Empty, loaded, busy, stale, error, partial; conditional runtime review required","Name, keyboard, visible focus, semantic state; colour-independent evidence",Existing smoke/unit suites + uiux-review; per-state browser evidence pending,Source owner reviewed; shared tokens applied; interaction/state verification pending,Static source discovery only
Detriment,id,#dtFileInput,web/assets/detriment-workspace.js,Preserve existing action/value/state,Shared native controls/surface/type tokens,"Retain IDs, handlers, options and source bytes","Empty, loaded, busy, stale, error, partial; conditional runtime review required","Name, keyboard, visible focus, semantic state; colour-independent evidence",Existing smoke/unit suites + uiux-review; per-state browser evidence pending,Source owner reviewed; shared tokens applied; interaction/state verification pending,Static source discovery only
Detriment,id,#dtForm,web/assets/detriment-workspace.js,Preserve existing action/value/state,Shared native controls/surface/type tokens,"Retain IDs, handlers, options and source bytes","Empty, loaded, busy, stale, error, partial; conditional runtime review required","Name, keyboard, visible focus, semantic state; colour-independent evidence",Existing smoke/unit suites + uiux-review; per-state browser evidence pending,Source owner reviewed; shared tokens applied; interaction/state verification pending,Static source discovery only
Detriment,id,#dtGoData,web/assets/detriment-workspace.js,Preserve existing action/value/state,Shared native controls/surface/type tokens,"Retain IDs, handlers, options and source bytes","Empty, loaded, busy, stale, error, partial; conditional runtime review required","Name, keyboard, visible focus, semantic state; colour-independent evidence",Existing smoke/unit suites + uiux-review; per-state browser evidence pending,Source owner reviewed; shared tokens applied; interaction/state verification pending,Static source discovery only
Detriment,id,#dtIdColumn,web/assets/detriment-workspace.js,Preserve existing action/value/state,Shared native controls/surface/type tokens,"Retain IDs, handlers, options and source bytes","Empty, loaded, busy, stale, error, partial; conditional runtime review required","Name, keyboard, visible focus, semantic state; colour-independent evidence",Existing smoke/unit suites + uiux-review; per-state browser evidence pending,Source owner reviewed; shared tokens applied; interaction/state verification pending,Static source discovery only
Detriment,id,#dtIdsColumn,web/assets/detriment-workspace.js,Preserve existing action/value/state,Shared native controls/surface/type tokens,"Retain IDs, handlers, options and source bytes","Empty, loaded, busy, stale, error, partial; conditional runtime review required","Name, keyboard, visible focus, semantic state; colour-independent evidence",Existing smoke/unit suites + uiux-review; per-state browser evidence pending,Source owner reviewed; shared tokens applied; interaction/state verification pending,Static source discovery only
Detriment,id,#dtIdsHelp,web/assets/detriment-workspace.js,Preserve existing action/value/state,Shared native controls/surface/type tokens,"Retain IDs, handlers, options and source bytes","Empty, loaded, busy, stale, error, partial; conditional runtime review required","Name, keyboard, visible focus, semantic state; colour-independent evidence",Existing smoke/unit suites + uiux-review; per-state browser evidence pending,Source owner reviewed; shared tokens applied; interaction/state verification pending,Static source discovery only
Detriment,id,#dtIdsPreview,web/assets/detriment-workspace.js,Preserve existing action/value/state,Shared native controls/surface/type tokens,"Retain IDs, handlers, options and source bytes","Empty, loaded, busy, stale, error, partial; conditional runtime review required","Name, keyboard, visible focus, semantic state; colour-independent evidence",Existing smoke/unit suites + uiux-review; per-state browser evidence pending,Source owner reviewed; shared tokens applied; interaction/state verification pending,Static source discovery only
Detriment,id,#dtPairedChart,web/assets/detriment-workspace.js,Preserve existing action/value/state,Shared native controls/surface/type tokens,"Retain IDs, handlers, options and source bytes","Empty, loaded, busy, stale, error, partial; conditional runtime review required","Name, keyboard, visible focus, semantic state; colour-independent evidence",Existing smoke/unit suites + uiux-review; per-state browser evidence pending,Source owner reviewed; shared tokens applied; interaction/state verification pending,Static source discovery only
Detriment,id,#dtPasteBtn,web/assets/detriment-workspace.js,Preserve existing action/value/state,Shared native controls/surface/type tokens,"Retain IDs, handlers, options and source bytes","Empty, loaded, busy, stale, error, partial; conditional runtime review required","Name, keyboard, visible focus, semantic state; colour-independent evidence",Existing smoke/unit suites + uiux-review; per-state browser evidence pending,Source owner reviewed; shared tokens applied; interaction/state verification pending,Static source discovery only
Detriment,id,#dtPasteGrid,web/assets/detriment-workspace.js,Preserve existing action/value/state,Shared native controls/surface/type tokens,"Retain IDs, handlers, options and source bytes","Empty, loaded, busy, stale, error, partial; conditional runtime review required","Name, keyboard, visible focus, semantic state; colour-independent evidence",Existing smoke/unit suites + uiux-review; per-state browser evidence pending,Source owner reviewed; shared tokens applied; interaction/state verification pending,Static source discovery only
Detriment,id,#dtPasteName,web/assets/detriment-workspace.js,Preserve existing action/value/state,Shared native controls/surface/type tokens,"Retain IDs, handlers, options and source bytes","Empty, loaded, busy, stale, error, partial; conditional runtime review required","Name, keyboard, visible focus, semantic state; colour-independent evidence",Existing smoke/unit suites + uiux-review; per-state browser evidence pending,Source owner reviewed; shared tokens applied; interaction/state verification pending,Static source discovery only
Detriment,id,#dtReportType,web/assets/detriment-workspace.js,Preserve existing action/value/state,Shared native controls/surface/type tokens,"Retain IDs, handlers, options and source bytes","Empty, loaded, busy, stale, error, partial; conditional runtime review required","Name, keyboard, visible focus, semantic state; colour-independent evidence",Existing smoke/unit suites + uiux-review; per-state browser evidence pending,Source owner reviewed; shared tokens applied; interaction/state verification pending,Static source discovery only
Detriment,id,#dtReportUpload,web/assets/detriment-workspace.js,Preserve existing action/value/state,Shared native controls/surface/type tokens,"Retain IDs, handlers, options and source bytes","Empty, loaded, busy, stale, error, partial; conditional runtime review required","Name, keyboard, visible focus, semantic state; colour-independent evidence",Existing smoke/unit suites + uiux-review; per-state browser evidence pending,Source owner reviewed; shared tokens applied; interaction/state verification pending,Static source discovery only
Detriment,id,#dtResults,web/assets/detriment-workspace.js,Preserve existing action/value/state,Shared native controls/surface/type tokens,"Retain IDs, handlers, options and source bytes","Empty, loaded, busy, stale, error, partial; conditional runtime review required","Name, keyboard, visible focus, semantic state; colour-independent evidence",Existing smoke/unit suites + uiux-review; per-state browser evidence pending,Source owner reviewed; shared tokens applied; interaction/state verification pending,Static source discovery only
Detriment,id,#dtScopeHelp,web/assets/detriment-workspace.js,Preserve existing action/value/state,Shared native controls/surface/type tokens,"Retain IDs, handlers, options and source bytes","Empty, loaded, busy, stale, error, partial; conditional runtime review required","Name, keyboard, visible focus, semantic state; colour-independent evidence",Existing smoke/unit suites + uiux-review; per-state browser evidence pending,Source owner reviewed; shared tokens applied; interaction/state verification pending,Static source discovery only
Detriment,id,#dtSectionChart,web/assets/detriment-workspace.js,Preserve existing action/value/state,Shared native controls/surface/type tokens,"Retain IDs, handlers, options and source bytes","Empty, loaded, busy, stale, error, partial; conditional runtime review required","Name, keyboard, visible focus, semantic state; colour-independent evidence",Existing smoke/unit suites + uiux-review; per-state browser evidence pending,Source owner reviewed; shared tokens applied; interaction/state verification pending,Static source discovery only
Detriment,id,#dtStatus,web/assets/detriment-workspace.js,Preserve existing action/value/state,Shared native controls/surface/type tokens,"Retain IDs, handlers, options and source bytes","Empty, loaded, busy, stale, error, partial; conditional runtime review required","Name, keyboard, visible focus, semantic state; colour-independent evidence",Existing smoke/unit suites + uiux-review; per-state browser evidence pending,Source owner reviewed; shared tokens applied; interaction/state verification pending,Static source discovery only
Detriment,id,#dtTable,web/assets/detriment-workspace.js,Preserve existing action/value/state,Shared native controls/surface/type tokens,"Retain IDs, handlers, options and source bytes","Empty, loaded, busy, stale, error, partial; conditional runtime review required","Name, keyboard, visible focus, semantic state; colour-independent evidence",Existing smoke/unit suites + uiux-review; per-state browser evidence pending,Source owner reviewed; shared tokens applied; interaction/state verification pending,Static source discovery only
Detriment,id,#dtTimelineChart,web/assets/detriment-workspace.js,Preserve existing action/value/state,Shared native controls/surface/type tokens,"Retain IDs, handlers, options and source bytes","Empty, loaded, busy, stale, error, partial; conditional runtime review required","Name, keyboard, visible focus, semantic state; colour-independent evidence",Existing smoke/unit suites + uiux-review; per-state browser evidence pending,Source owner reviewed; shared tokens applied; interaction/state verification pending,Static source discovery only
Detriment,id,#dtTitle,web/assets/detriment-workspace.js,Preserve existing action/value/state,Shared native controls/surface/type tokens,"Retain IDs, handlers, options and source bytes","Empty, loaded, busy, stale, error, partial; conditional runtime review required","Name, keyboard, visible focus, semantic state; colour-independent evidence",Existing smoke/unit suites + uiux-review; per-state browser evidence pending,Source owner reviewed; shared tokens applied; interaction/state verification pending,Static source discovery only
Detriment,id,#dtUploadBtn,web/assets/detriment-workspace.js,Preserve existing action/value/state,Shared native controls/surface/type tokens,"Retain IDs, handlers, options and source bytes","Empty, loaded, busy, stale, error, partial; conditional runtime review required","Name, keyboard, visible focus, semantic state; colour-independent evidence",Existing smoke/unit suites + uiux-review; per-state browser evidence pending,Source owner reviewed; shared tokens applied; interaction/state verification pending,Static source discovery only
Detriment,id,#dtUploadStatus,web/assets/detriment-workspace.js,Preserve existing action/value/state,Shared native controls/surface/type tokens,"Retain IDs, handlers, options and source bytes","Empty, loaded, busy, stale, error, partial; conditional runtime review required","Name, keyboard, visible focus, semantic state; colour-independent evidence",Existing smoke/unit suites + uiux-review; per-state browser evidence pending,Source owner reviewed; shared tokens applied; interaction/state verification pending,Static source discovery only
Global / shared / route ownership pending runtime inventory,id,#dwfAdpHours,web/index.html,Preserve existing action/value/state,Shared native controls/surface/type tokens,"Retain IDs, handlers, options and source bytes","Empty, loaded, busy, stale, error, partial; conditional runtime review required","Name, keyboard, visible focus, semantic state; colour-independent evidence",Existing smoke/unit suites + uiux-review; per-state browser evidence pending,Source owner reviewed; shared tokens applied; interaction/state verification pending,Static source discovery only
Global / shared / route ownership pending runtime inventory,id,#dwfBaselineDays,web/index.html,Preserve existing action/value/state,Shared native controls/surface/type tokens,"Retain IDs, handlers, options and source bytes","Empty, loaded, busy, stale, error, partial; conditional runtime review required","Name, keyboard, visible focus, semantic state; colour-independent evidence",Existing smoke/unit suites + uiux-review; per-state browser evidence pending,Source owner reviewed; shared tokens applied; interaction/state verification pending,Static source discovery only
Global / shared / route ownership pending runtime inventory,id,#dwfDryDay,web/index.html,Preserve existing action/value/state,Shared native controls/surface/type tokens,"Retain IDs, handlers, options and source bytes","Empty, loaded, busy, stale, error, partial; conditional runtime review required","Name, keyboard, visible focus, semantic state; colour-independent evidence",Existing smoke/unit suites + uiux-review; per-state browser evidence pending,Source owner reviewed; shared tokens applied; interaction/state verification pending,Static source discovery only
Global / shared / route ownership pending runtime inventory,id,#dwfFlowSelect,web/index.html,Preserve existing action/value/state,Shared native controls/surface/type tokens,"Retain IDs, handlers, options and source bytes","Empty, loaded, busy, stale, error, partial; conditional runtime review required","Name, keyboard, visible focus, semantic state; colour-independent evidence",Existing smoke/unit suites + uiux-review; per-state browser evidence pending,Source owner reviewed; shared tokens applied; interaction/state verification pending,Static source discovery only
Global / shared / route ownership pending runtime inventory,id,#dwfFlowUnit,web/index.html,Preserve existing action/value/state,Shared native controls/surface/type tokens,"Retain IDs, handlers, options and source bytes","Empty, loaded, busy, stale, error, partial; conditional runtime review required","Name, keyboard, visible focus, semantic state; colour-independent evidence",Existing smoke/unit suites + uiux-review; per-state browser evidence pending,Source owner reviewed; shared tokens applied; interaction/state verification pending,Static source discovery only
Global / shared / route ownership pending runtime inventory,id,#dwfSummary,web/index.html,Preserve existing action/value/state,Shared native controls/surface/type tokens,"Retain IDs, handlers, options and source bytes","Empty, loaded, busy, stale, error, partial; conditional runtime review required","Name, keyboard, visible focus, semantic state; colour-independent evidence",Existing smoke/unit suites + uiux-review; per-state browser evidence pending,Source owner reviewed; shared tokens applied; interaction/state verification pending,Static source discovery only
Global / shared / route ownership pending runtime inventory,id,#engineRetryBtn,web/assets/runtime.release.js,Preserve existing action/value/state,Shared native controls/surface/type tokens,"Retain IDs, handlers, options and source bytes","Empty, loaded, busy, stale, error, partial; conditional runtime review required","Name, keyboard, visible focus, semantic state; colour-independent evidence",Existing smoke/unit suites + uiux-review; per-state browser evidence pending,Source owner reviewed; shared tokens applied; interaction/state verification pending,Static source discovery only
Global / shared / route ownership pending runtime inventory,id,#engineStatus,web/index.html,Preserve existing action/value/state,Shared native controls/surface/type tokens,"Retain IDs, handlers, options and source bytes","Empty, loaded, busy, stale, error, partial; conditional runtime review required","Name, keyboard, visible focus, semantic state; colour-independent evidence",Existing smoke/unit suites + uiux-review; per-state browser evidence pending,Source owner reviewed; shared tokens applied; interaction/state verification pending,Static source discovery only
Global / shared / route ownership pending runtime inventory,id,#eventBody,web/index.html,Preserve existing action/value/state,Shared native controls/surface/type tokens,"Retain IDs, handlers, options and source bytes","Empty, loaded, busy, stale, error, partial; conditional runtime review required","Name, keyboard, visible focus, semantic state; colour-independent evidence",Existing smoke/unit suites + uiux-review; per-state browser evidence pending,Source owner reviewed; shared tokens applied; interaction/state verification pending,Static source discovery only
Global / shared / route ownership pending runtime inventory,id,#eventResponseBody,web/index.html,Preserve existing action/value/state,Shared native controls/surface/type tokens,"Retain IDs, handlers, options and source bytes","Empty, loaded, busy, stale, error, partial; conditional runtime review required","Name, keyboard, visible focus, semantic state; colour-independent evidence",Existing smoke/unit suites + uiux-review; per-state browser evidence pending,Source owner reviewed; shared tokens applied; interaction/state verification pending,Static source discovery only
Global / shared / route ownership pending runtime inventory,id,#exceedanceChart,web/index.html,Preserve existing action/value/state,Shared native controls/surface/type tokens,"Retain IDs, handlers, options and source bytes","Empty, loaded, busy, stale, error, partial; conditional runtime review required","Name, keyboard, visible focus, semantic state; colour-independent evidence",Existing smoke/unit suites + uiux-review; per-state browser evidence pending,Source owner reviewed; shared tokens applied; interaction/state verification pending,Static source discovery only
Global / shared / route ownership pending runtime inventory,id,#exclusionRows,web/index.html,Preserve existing action/value/state,Shared native controls/surface/type tokens,"Retain IDs, handlers, options and source bytes","Empty, loaded, busy, stale, error, partial; conditional runtime review required","Name, keyboard, visible focus, semantic state; colour-independent evidence",Existing smoke/unit suites + uiux-review; per-state browser evidence pending,Source owner reviewed; shared tokens applied; interaction/state verification pending,Static source discovery only
Global / shared / route ownership pending runtime inventory,id,#fastpathPreviewBar,web/assets/fastpath-preview.js,Preserve existing action/value/state,Shared native controls/surface/type tokens,"Retain IDs, handlers, options and source bytes","Empty, loaded, busy, stale, error, partial; conditional runtime review required","Name, keyboard, visible focus, semantic state; colour-independent evidence",Existing smoke/unit suites + uiux-review; per-state browser evidence pending,Source owner reviewed; shared tokens applied; interaction/state verification pending,Static source discovery only
Global / shared / route ownership pending runtime inventory,id,#fastpathPreviewStatus,web/assets/fastpath-preview.js,Preserve existing action/value/state,Shared native controls/surface/type tokens,"Retain IDs, handlers, options and source bytes","Empty, loaded, busy, stale, error, partial; conditional runtime review required","Name, keyboard, visible focus, semantic state; colour-independent evidence",Existing smoke/unit suites + uiux-review; per-state browser evidence pending,Source owner reviewed; shared tokens applied; interaction/state verification pending,Static source discovery only
Global / shared / route ownership pending runtime inventory,id,#fileInput,web/index.html,Preserve existing action/value/state,Shared native controls/surface/type tokens,"Retain IDs, handlers, options and source bytes","Empty, loaded, busy, stale, error, partial; conditional runtime review required","Name, keyboard, visible focus, semantic state; colour-independent evidence",Existing smoke/unit suites + uiux-review; per-state browser evidence pending,Source owner reviewed; shared tokens applied; interaction/state verification pending,Static source discovery only
Flow Survey / Monthly Review,id,#flowArrow,web/assets/workbench-survey.js,Preserve existing action/value/state,Shared native controls/surface/type tokens,"Retain IDs, handlers, options and source bytes","Empty, loaded, busy, stale, error, partial; conditional runtime review required","Name, keyboard, visible focus, semantic state; colour-independent evidence",Existing smoke/unit suites + uiux-review; per-state browser evidence pending,Source owner reviewed; shared tokens applied; interaction/state verification pending,Static source discovery only
Global / shared / route ownership pending runtime inventory,id,#folderInput,web/index.html,Preserve existing action/value/state,Shared native controls/surface/type tokens,"Retain IDs, handlers, options and source bytes","Empty, loaded, busy, stale, error, partial; conditional runtime review required","Name, keyboard, visible focus, semantic state; colour-independent evidence",Existing smoke/unit suites + uiux-review; per-state browser evidence pending,Source owner reviewed; shared tokens applied; interaction/state verification pending,Static source discovery only
Global / shared / route ownership pending runtime inventory,id,#footerBuild,web/index.html,Preserve existing action/value/state,Shared native controls/surface/type tokens,"Retain IDs, handlers, options and source bytes","Empty, loaded, busy, stale, error, partial; conditional runtime review required","Name, keyboard, visible focus, semantic state; colour-independent evidence",Existing smoke/unit suites + uiux-review; per-state browser evidence pending,Source owner reviewed; shared tokens applied; interaction/state verification pending,Static source discovery only
Global / shared / route ownership pending runtime inventory,id,#gapInput,web/index.html,Preserve existing action/value/state,Shared native controls/surface/type tokens,"Retain IDs, handlers, options and source bytes","Empty, loaded, busy, stale, error, partial; conditional runtime review required","Name, keyboard, visible focus, semantic state; colour-independent evidence",Existing smoke/unit suites + uiux-review; per-state browser evidence pending,Source owner reviewed; shared tokens applied; interaction/state verification pending,Static source discovery only
Global / shared / route ownership pending runtime inventory,id,#globalOperation,web/assets/runtime.release.js,Preserve existing action/value/state,Shared native controls/surface/type tokens,"Retain IDs, handlers, options and source bytes","Empty, loaded, busy, stale, error, partial; conditional runtime review required","Name, keyboard, visible focus, semantic state; colour-independent evidence",Existing smoke/unit suites + uiux-review; per-state browser evidence pending,Source owner reviewed; shared tokens applied; interaction/state verification pending,Static source discovery only
Global / shared / route ownership pending runtime inventory,id,#globalOperationBar,web/assets/runtime.release.js,Preserve existing action/value/state,Shared native controls/surface/type tokens,"Retain IDs, handlers, options and source bytes","Empty, loaded, busy, stale, error, partial; conditional runtime review required","Name, keyboard, visible focus, semantic state; colour-independent evidence",Existing smoke/unit suites + uiux-review; per-state browser evidence pending,Source owner reviewed; shared tokens applied; interaction/state verification pending,Static source discovery only
Global / shared / route ownership pending runtime inventory,id,#globalOperationCancel,web/assets/runtime.release.js,Preserve existing action/value/state,Shared native controls/surface/type tokens,"Retain IDs, handlers, options and source bytes","Empty, loaded, busy, stale, error, partial; conditional runtime review required","Name, keyboard, visible focus, semantic state; colour-independent evidence",Existing smoke/unit suites + uiux-review; per-state browser evidence pending,Source owner reviewed; shared tokens applied; interaction/state verification pending,Static source discovery only
Global / shared / route ownership pending runtime inventory,id,#globalOperationDetail,web/assets/runtime.release.js,Preserve existing action/value/state,Shared native controls/surface/type tokens,"Retain IDs, handlers, options and source bytes","Empty, loaded, busy, stale, error, partial; conditional runtime review required","Name, keyboard, visible focus, semantic state; colour-independent evidence",Existing smoke/unit suites + uiux-review; per-state browser evidence pending,Source owner reviewed; shared tokens applied; interaction/state verification pending,Static source discovery only
Global / shared / route ownership pending runtime inventory,id,#globalOperationTitle,web/assets/runtime.release.js,Preserve existing action/value/state,Shared native controls/surface/type tokens,"Retain IDs, handlers, options and source bytes","Empty, loaded, busy, stale, error, partial; conditional runtime review required","Name, keyboard, visible focus, semantic state; colour-independent evidence",Existing smoke/unit suites + uiux-review; per-state browser evidence pending,Source owner reviewed; shared tokens applied; interaction/state verification pending,Static source discovery only
Global / shared / route ownership pending runtime inventory,id,#graphDensity,web/assets/workbench-v2.js,Preserve existing action/value/state,Shared native controls/surface/type tokens,"Retain IDs, handlers, options and source bytes","Empty, loaded, busy, stale, error, partial; conditional runtime review required","Name, keyboard, visible focus, semantic state; colour-independent evidence",Existing smoke/unit suites + uiux-review; per-state browser evidence pending,Source owner reviewed; shared tokens applied; interaction/state verification pending,Static source discovery only
Global / shared / route ownership pending runtime inventory,id,#graphModelThreshold,web/assets/workbench-v2.js,Preserve existing action/value/state,Shared native controls/surface/type tokens,"Retain IDs, handlers, options and source bytes","Empty, loaded, busy, stale, error, partial; conditional runtime review required","Name, keyboard, visible focus, semantic state; colour-independent evidence",Existing smoke/unit suites + uiux-review; per-state browser evidence pending,Source owner reviewed; shared tokens applied; interaction/state verification pending,Static source discovery only
Global / shared / route ownership pending runtime inventory,id,#graphModelThresholdContext,web/assets/workbench-v2.js,Preserve existing action/value/state,Shared native controls/surface/type tokens,"Retain IDs, handlers, options and source bytes","Empty, loaded, busy, stale, error, partial; conditional runtime review required","Name, keyboard, visible focus, semantic state; colour-independent evidence",Existing smoke/unit suites + uiux-review; per-state browser evidence pending,Source owner reviewed; shared tokens applied; interaction/state verification pending,Static source discovery only
Global / shared / route ownership pending runtime inventory,id,#graphObsThreshold,web/assets/workbench-v2.js,Preserve existing action/value/state,Shared native controls/surface/type tokens,"Retain IDs, handlers, options and source bytes","Empty, loaded, busy, stale, error, partial; conditional runtime review required","Name, keyboard, visible focus, semantic state; colour-independent evidence",Existing smoke/unit suites + uiux-review; per-state browser evidence pending,Source owner reviewed; shared tokens applied; interaction/state verification pending,Static source discovery only
Global / shared / route ownership pending runtime inventory,id,#graphObsThresholdContext,web/assets/workbench-v2.js,Preserve existing action/value/state,Shared native controls/surface/type tokens,"Retain IDs, handlers, options and source bytes","Empty, loaded, busy, stale, error, partial; conditional runtime review required","Name, keyboard, visible focus, semantic state; colour-independent evidence",Existing smoke/unit suites + uiux-review; per-state browser evidence pending,Source owner reviewed; shared tokens applied; interaction/state verification pending,Static source discovery only
Global / shared / route ownership pending runtime inventory,id,#healthBody,web/index.html,Preserve existing action/value/state,Shared native controls/surface/type tokens,"Retain IDs, handlers, options and source bytes","Empty, loaded, busy, stale, error, partial; conditional runtime review required","Name, keyboard, visible focus, semantic state; colour-independent evidence",Existing smoke/unit suites + uiux-review; per-state browser evidence pending,Source owner reviewed; shared tokens applied; interaction/state verification pending,Static source discovery only
Global / shared / route ownership pending runtime inventory,id,#levelDatumConfirmed,web/index.html,Preserve existing action/value/state,Shared native controls/surface/type tokens,"Retain IDs, handlers, options and source bytes","Empty, loaded, busy, stale, error, partial; conditional runtime review required","Name, keyboard, visible focus, semantic state; colour-independent evidence",Existing smoke/unit suites + uiux-review; per-state browser evidence pending,Source owner reviewed; shared tokens applied; interaction/state verification pending,Static source discovery only
Global / shared / route ownership pending runtime inventory,id,#loadNamedWorkspaceBtn,web/index.html,Preserve existing action/value/state,Shared native controls/surface/type tokens,"Retain IDs, handlers, options and source bytes","Empty, loaded, busy, stale, error, partial; conditional runtime review required","Name, keyboard, visible focus, semantic state; colour-independent evidence",Existing smoke/unit suites + uiux-review; per-state browser evidence pending,Source owner reviewed; shared tokens applied; interaction/state verification pending,Static source discovery only
Global / shared / route ownership pending runtime inventory,id,#loadWorkspaceBtn,web/index.html,Preserve existing action/value/state,Shared native controls/surface/type tokens,"Retain IDs, handlers, options and source bytes","Empty, loaded, busy, stale, error, partial; conditional runtime review required","Name, keyboard, visible focus, semantic state; colour-independent evidence",Existing smoke/unit suites + uiux-review; per-state browser evidence pending,Source owner reviewed; shared tokens applied; interaction/state verification pending,Static source discovery only
Global / shared / route ownership pending runtime inventory,id,#mappingStatus,web/index.html,Preserve existing action/value/state,Shared native controls/surface/type tokens,"Retain IDs, handlers, options and source bytes","Empty, loaded, busy, stale, error, partial; conditional runtime review required","Name, keyboard, visible focus, semantic state; colour-independent evidence",Existing smoke/unit suites + uiux-review; per-state browser evidence pending,Source owner reviewed; shared tokens applied; interaction/state verification pending,Static source discovery only
Global / shared / route ownership pending runtime inventory,id,#metricGrid,web/index.html,Preserve existing action/value/state,Shared native controls/surface/type tokens,"Retain IDs, handlers, options and source bytes","Empty, loaded, busy, stale, error, partial; conditional runtime review required","Name, keyboard, visible focus, semantic state; colour-independent evidence",Existing smoke/unit suites + uiux-review; per-state browser evidence pending,Source owner reviewed; shared tokens applied; interaction/state verification pending,Static source discovery only
Global / shared / route ownership pending runtime inventory,id,#modelColourControls,web/index.html,Preserve existing action/value/state,Shared native controls/surface/type tokens,"Retain IDs, handlers, options and source bytes","Empty, loaded, busy, stale, error, partial; conditional runtime review required","Name, keyboard, visible focus, semantic state; colour-independent evidence",Existing smoke/unit suites + uiux-review; per-state browser evidence pending,Source owner reviewed; shared tokens applied; interaction/state verification pending,Static source discovery only
Global / shared / route ownership pending runtime inventory,id,#modelMonthly,web/index.html,Preserve existing action/value/state,Shared native controls/surface/type tokens,"Retain IDs, handlers, options and source bytes","Empty, loaded, busy, stale, error, partial; conditional runtime review required","Name, keyboard, visible focus, semantic state; colour-independent evidence",Existing smoke/unit suites + uiux-review; per-state browser evidence pending,Source owner reviewed; shared tokens applied; interaction/state verification pending,Static source discovery only
Global / shared / route ownership pending runtime inventory,id,#modelPickerPopover,web/assets/precision-workbench.js,Preserve existing action/value/state,Shared native controls/surface/type tokens,"Retain IDs, handlers, options and source bytes","Empty, loaded, busy, stale, error, partial; conditional runtime review required","Name, keyboard, visible focus, semantic state; colour-independent evidence",Existing smoke/unit suites + uiux-review; per-state browser evidence pending,Source owner reviewed; shared tokens applied; interaction/state verification pending,Static source discovery only
Global / shared / route ownership pending runtime inventory,id,#modelPickerTrigger,web/assets/precision-workbench.js,Preserve existing action/value/state,Shared native controls/surface/type tokens,"Retain IDs, handlers, options and source bytes","Empty, loaded, busy, stale, error, partial; conditional runtime review required","Name, keyboard, visible focus, semantic state; colour-independent evidence",Existing smoke/unit suites + uiux-review; per-state browser evidence pending,Source owner reviewed; shared tokens applied; interaction/state verification pending,Static source discovery only
Global / shared / route ownership pending runtime inventory,id,#modelSelect,web/index.html,Preserve existing action/value/state,Shared native controls/surface/type tokens,"Retain IDs, handlers, options and source bytes","Empty, loaded, busy, stale, error, partial; conditional runtime review required","Name, keyboard, visible focus, semantic state; colour-independent evidence",Existing smoke/unit suites + uiux-review; per-state browser evidence pending,Source owner reviewed; shared tokens applied; interaction/state verification pending,Static source discovery only
Global / shared / route ownership pending runtime inventory,id,#modelSpillSummary,web/index.html,Preserve existing action/value/state,Shared native controls/surface/type tokens,"Retain IDs, handlers, options and source bytes","Empty, loaded, busy, stale, error, partial; conditional runtime review required","Name, keyboard, visible focus, semantic state; colour-independent evidence",Existing smoke/unit suites + uiux-review; per-state browser evidence pending,Source owner reviewed; shared tokens applied; interaction/state verification pending,Static source discovery only
Global / shared / route ownership pending runtime inventory,id,#modelThreshold,web/index.html,Preserve existing action/value/state,Shared native controls/surface/type tokens,"Retain IDs, handlers, options and source bytes","Empty, loaded, busy, stale, error, partial; conditional runtime review required","Name, keyboard, visible focus, semantic state; colour-independent evidence",Existing smoke/unit suites + uiux-review; per-state browser evidence pending,Source owner reviewed; shared tokens applied; interaction/state verification pending,Static source discovery only
Global / shared / route ownership pending runtime inventory,id,#monthlyVolume,web/index.html,Preserve existing action/value/state,Shared native controls/surface/type tokens,"Retain IDs, handlers, options and source bytes","Empty, loaded, busy, stale, error, partial; conditional runtime review required","Name, keyboard, visible focus, semantic state; colour-independent evidence",Existing smoke/unit suites + uiux-review; per-state browser evidence pending,Source owner reviewed; shared tokens applied; interaction/state verification pending,Static source discovery only
Global / shared / route ownership pending runtime inventory,id,#multiGaugeRainSummary,web/assets/workbench-v3.js,Preserve existing action/value/state,Shared native controls/surface/type tokens,"Retain IDs, handlers, options and source bytes","Empty, loaded, busy, stale, error, partial; conditional runtime review required","Name, keyboard, visible focus, semantic state; colour-independent evidence",Existing smoke/unit suites + uiux-review; per-state browser evidence pending,Source owner reviewed; shared tokens applied; interaction/state verification pending,Static source discovery only
Global / shared / route ownership pending runtime inventory,id,#multiGaugeRainTable,web/assets/workbench-v3.js,Preserve existing action/value/state,Shared native controls/surface/type tokens,"Retain IDs, handlers, options and source bytes","Empty, loaded, busy, stale, error, partial; conditional runtime review required","Name, keyboard, visible focus, semantic state; colour-independent evidence",Existing smoke/unit suites + uiux-review; per-state browser evidence pending,Source owner reviewed; shared tokens applied; interaction/state verification pending,Static source discovery only
Global / shared / route ownership pending runtime inventory,id,#namedWorkspaceSelect,web/index.html,Preserve existing action/value/state,Shared native controls/surface/type tokens,"Retain IDs, handlers, options and source bytes","Empty, loaded, busy, stale, error, partial; conditional runtime review required","Name, keyboard, visible focus, semantic state; colour-independent evidence",Existing smoke/unit suites + uiux-review; per-state browser evidence pending,Source owner reviewed; shared tokens applied; interaction/state verification pending,Static source discovery only
Network Schematic,id,#nsAddAsset,web/assets/network-schematic.js,Preserve existing action/value/state,Shared native controls/surface/type tokens,"Retain IDs, handlers, options and source bytes","Empty, loaded, busy, stale, error, partial; conditional runtime review required","Name, keyboard, visible focus, semantic state; colour-independent evidence",Existing smoke/unit suites + uiux-review; per-state browser evidence pending,Source owner reviewed; shared tokens applied; interaction/state verification pending,Static source discovery only
Network Schematic,id,#nsAddBend,web/assets/network-schematic.js,Preserve existing action/value/state,Shared native controls/surface/type tokens,"Retain IDs, handlers, options and source bytes","Empty, loaded, busy, stale, error, partial; conditional runtime review required","Name, keyboard, visible focus, semantic state; colour-independent evidence",Existing smoke/unit suites + uiux-review; per-state browser evidence pending,Source owner reviewed; shared tokens applied; interaction/state verification pending,Static source discovery only
Network Schematic,id,#nsAddLabel,web/assets/network-schematic.js,Preserve existing action/value/state,Shared native controls/surface/type tokens,"Retain IDs, handlers, options and source bytes","Empty, loaded, busy, stale, error, partial; conditional runtime review required","Name, keyboard, visible focus, semantic state; colour-independent evidence",Existing smoke/unit suites + uiux-review; per-state browser evidence pending,Source owner reviewed; shared tokens applied; interaction/state verification pending,Static source discovery only
Network Schematic,id,#nsAddManhole,web/assets/network-schematic.js,Preserve existing action/value/state,Shared native controls/surface/type tokens,"Retain IDs, handlers, options and source bytes","Empty, loaded, busy, stale, error, partial; conditional runtime review required","Name, keyboard, visible focus, semantic state; colour-independent evidence",Existing smoke/unit suites + uiux-review; per-state browser evidence pending,Source owner reviewed; shared tokens applied; interaction/state verification pending,Static source discovery only
Network Schematic,id,#nsAddSelected,web/assets/network-schematic.js,Preserve existing action/value/state,Shared native controls/surface/type tokens,"Retain IDs, handlers, options and source bytes","Empty, loaded, busy, stale, error, partial; conditional runtime review required","Name, keyboard, visible focus, semantic state; colour-independent evidence",Existing smoke/unit suites + uiux-review; per-state browser evidence pending,Source owner reviewed; shared tokens applied; interaction/state verification pending,Static source discovery only
Network Schematic,id,#nsAddType,web/assets/network-schematic.js,Preserve existing action/value/state,Shared native controls/surface/type tokens,"Retain IDs, handlers, options and source bytes","Empty, loaded, busy, stale, error, partial; conditional runtime review required","Name, keyboard, visible focus, semantic state; colour-independent evidence",Existing smoke/unit suites + uiux-review; per-state browser evidence pending,Source owner reviewed; shared tokens applied; interaction/state verification pending,Static source discovery only
Network Schematic,id,#nsAnalysis,web/assets/network-schematic.js,Preserve existing action/value/state,Shared native controls/surface/type tokens,"Retain IDs, handlers, options and source bytes","Empty, loaded, busy, stale, error, partial; conditional runtime review required","Name, keyboard, visible focus, semantic state; colour-independent evidence",Existing smoke/unit suites + uiux-review; per-state browser evidence pending,Source owner reviewed; shared tokens applied; interaction/state verification pending,Static source discovery only
Network Schematic,id,#nsAnalysisAudit,web/assets/network-schematic.js,Preserve existing action/value/state,Shared native controls/surface/type tokens,"Retain IDs, handlers, options and source bytes","Empty, loaded, busy, stale, error, partial; conditional runtime review required","Name, keyboard, visible focus, semantic state; colour-independent evidence",Existing smoke/unit suites + uiux-review; per-state browser evidence pending,Source owner reviewed; shared tokens applied; interaction/state verification pending,Static source discovery only
Network Schematic,id,#nsAnalysisBasis,web/assets/network-schematic.js,Preserve existing action/value/state,Shared native controls/surface/type tokens,"Retain IDs, handlers, options and source bytes","Empty, loaded, busy, stale, error, partial; conditional runtime review required","Name, keyboard, visible focus, semantic state; colour-independent evidence",Existing smoke/unit suites + uiux-review; per-state browser evidence pending,Source owner reviewed; shared tokens applied; interaction/state verification pending,Static source discovery only
Network Schematic,id,#nsAnalysisCalculate,web/assets/network-schematic.js,Preserve existing action/value/state,Shared native controls/surface/type tokens,"Retain IDs, handlers, options and source bytes","Empty, loaded, busy, stale, error, partial; conditional runtime review required","Name, keyboard, visible focus, semantic state; colour-independent evidence",Existing smoke/unit suites + uiux-review; per-state browser evidence pending,Source owner reviewed; shared tokens applied; interaction/state verification pending,Static source discovery only
Network Schematic,id,#nsAnalysisCounts,web/assets/network-schematic.js,Preserve existing action/value/state,Shared native controls/surface/type tokens,"Retain IDs, handlers, options and source bytes","Empty, loaded, busy, stale, error, partial; conditional runtime review required","Name, keyboard, visible focus, semantic state; colour-independent evidence",Existing smoke/unit suites + uiux-review; per-state browser evidence pending,Source owner reviewed; shared tokens applied; interaction/state verification pending,Static source discovery only
Network Schematic,id,#nsAnalysisMessage,web/assets/network-schematic.js,Preserve existing action/value/state,Shared native controls/surface/type tokens,"Retain IDs, handlers, options and source bytes","Empty, loaded, busy, stale, error, partial; conditional runtime review required","Name, keyboard, visible focus, semantic state; colour-independent evidence",Existing smoke/unit suites + uiux-review; per-state browser evidence pending,Source owner reviewed; shared tokens applied; interaction/state verification pending,Static source discovery only
Network Schematic,id,#nsAnalysisMode,web/assets/network-schematic.js,Preserve existing action/value/state,Shared native controls/surface/type tokens,"Retain IDs, handlers, options and source bytes","Empty, loaded, busy, stale, error, partial; conditional runtime review required","Name, keyboard, visible focus, semantic state; colour-independent evidence",Existing smoke/unit suites + uiux-review; per-state browser evidence pending,Source owner reviewed; shared tokens applied; interaction/state verification pending,Static source discovery only
Network Schematic,id,#nsAnalysisPlot,web/assets/network-schematic.js,Preserve existing action/value/state,Shared native controls/surface/type tokens,"Retain IDs, handlers, options and source bytes","Empty, loaded, busy, stale, error, partial; conditional runtime review required","Name, keyboard, visible focus, semantic state; colour-independent evidence",Existing smoke/unit suites + uiux-review; per-state browser evidence pending,Source owner reviewed; shared tokens applied; interaction/state verification pending,Static source discovery only
Network Schematic,id,#nsAnalysisSettings,web/assets/network-schematic.js,Preserve existing action/value/state,Shared native controls/surface/type tokens,"Retain IDs, handlers, options and source bytes","Empty, loaded, busy, stale, error, partial; conditional runtime review required","Name, keyboard, visible focus, semantic state; colour-independent evidence",Existing smoke/unit suites + uiux-review; per-state browser evidence pending,Source owner reviewed; shared tokens applied; interaction/state verification pending,Static source discovery only
Network Schematic,id,#nsAnalysisSources,web/assets/network-schematic.js,Preserve existing action/value/state,Shared native controls/surface/type tokens,"Retain IDs, handlers, options and source bytes","Empty, loaded, busy, stale, error, partial; conditional runtime review required","Name, keyboard, visible focus, semantic state; colour-independent evidence",Existing smoke/unit suites + uiux-review; per-state browser evidence pending,Source owner reviewed; shared tokens applied; interaction/state verification pending,Static source discovery only
Network Schematic,id,#nsAnalysisTitle,web/assets/network-schematic.js,Preserve existing action/value/state,Shared native controls/surface/type tokens,"Retain IDs, handlers, options and source bytes","Empty, loaded, busy, stale, error, partial; conditional runtime review required","Name, keyboard, visible focus, semantic state; colour-independent evidence",Existing smoke/unit suites + uiux-review; per-state browser evidence pending,Source owner reviewed; shared tokens applied; interaction/state verification pending,Static source discovery only
Network Schematic,id,#nsAnalysisYear,web/assets/network-schematic.js,Preserve existing action/value/state,Shared native controls/surface/type tokens,"Retain IDs, handlers, options and source bytes","Empty, loaded, busy, stale, error, partial; conditional runtime review required","Name, keyboard, visible focus, semantic state; colour-independent evidence",Existing smoke/unit suites + uiux-review; per-state browser evidence pending,Source owner reviewed; shared tokens applied; interaction/state verification pending,Static source discovery only
Network Schematic,id,#nsAnnualTable,web/assets/network-schematic.js,Preserve existing action/value/state,Shared native controls/surface/type tokens,"Retain IDs, handlers, options and source bytes","Empty, loaded, busy, stale, error, partial; conditional runtime review required","Name, keyboard, visible focus, semantic state; colour-independent evidence",Existing smoke/unit suites + uiux-review; per-state browser evidence pending,Source owner reviewed; shared tokens applied; interaction/state verification pending,Static source discovery only
Network Schematic,id,#nsArrow,web/assets/network-schematic.js,Preserve existing action/value/state,Shared native controls/surface/type tokens,"Retain IDs, handlers, options and source bytes","Empty, loaded, busy, stale, error, partial; conditional runtime review required","Name, keyboard, visible focus, semantic state; colour-independent evidence",Existing smoke/unit suites + uiux-review; per-state browser evidence pending,Source owner reviewed; shared tokens applied; interaction/state verification pending,Static source discovery only
Network Schematic,id,#nsAssetNames,web/assets/network-schematic.js,Preserve existing action/value/state,Shared native controls/surface/type tokens,"Retain IDs, handlers, options and source bytes","Empty, loaded, busy, stale, error, partial; conditional runtime review required","Name, keyboard, visible focus, semantic state; colour-independent evidence",Existing smoke/unit suites + uiux-review; per-state browser evidence pending,Source owner reviewed; shared tokens applied; interaction/state verification pending,Static source discovery only
Network Schematic,id,#nsAssetSearch,web/assets/network-schematic.js,Preserve existing action/value/state,Shared native controls/surface/type tokens,"Retain IDs, handlers, options and source bytes","Empty, loaded, busy, stale, error, partial; conditional runtime review required","Name, keyboard, visible focus, semantic state; colour-independent evidence",Existing smoke/unit suites + uiux-review; per-state browser evidence pending,Source owner reviewed; shared tokens applied; interaction/state verification pending,Static source discovery only
Network Schematic,id,#nsAudit,web/assets/network-schematic.js,Preserve existing action/value/state,Shared native controls/surface/type tokens,"Retain IDs, handlers, options and source bytes","Empty, loaded, busy, stale, error, partial; conditional runtime review required","Name, keyboard, visible focus, semantic state; colour-independent evidence",Existing smoke/unit suites + uiux-review; per-state browser evidence pending,Source owner reviewed; shared tokens applied; interaction/state verification pending,Static source discovery only
Network Schematic,id,#nsAuditResult,web/assets/network-schematic.js,Preserve existing action/value/state,Shared native controls/surface/type tokens,"Retain IDs, handlers, options and source bytes","Empty, loaded, busy, stale, error, partial; conditional runtime review required","Name, keyboard, visible focus, semantic state; colour-independent evidence",Existing smoke/unit suites + uiux-review; per-state browser evidence pending,Source owner reviewed; shared tokens applied; interaction/state verification pending,Static source discovery only
Network Schematic,id,#nsCalculate,web/assets/network-schematic.js,Preserve existing action/value/state,Shared native controls/surface/type tokens,"Retain IDs, handlers, options and source bytes","Empty, loaded, busy, stale, error, partial; conditional runtime review required","Name, keyboard, visible focus, semantic state; colour-independent evidence",Existing smoke/unit suites + uiux-review; per-state browser evidence pending,Source owner reviewed; shared tokens applied; interaction/state verification pending,Static source discovery only
Network Schematic,id,#nsCanvas,web/assets/network-schematic.js,Preserve existing action/value/state,Shared native controls/surface/type tokens,"Retain IDs, handlers, options and source bytes","Empty, loaded, busy, stale, error, partial; conditional runtime review required","Name, keyboard, visible focus, semantic state; colour-independent evidence",Existing smoke/unit suites + uiux-review; per-state browser evidence pending,Source owner reviewed; shared tokens applied; interaction/state verification pending,Static source discovery only
Network Schematic,id,#nsCapture,web/assets/network-schematic.js,Preserve existing action/value/state,Shared native controls/surface/type tokens,"Retain IDs, handlers, options and source bytes","Empty, loaded, busy, stale, error, partial; conditional runtime review required","Name, keyboard, visible focus, semantic state; colour-independent evidence",Existing smoke/unit suites + uiux-review; per-state browser evidence pending,Source owner reviewed; shared tokens applied; interaction/state verification pending,Static source discovery only
Network Schematic,id,#nsCaptureBody,web/assets/network-schematic.js,Preserve existing action/value/state,Shared native controls/surface/type tokens,"Retain IDs, handlers, options and source bytes","Empty, loaded, busy, stale, error, partial; conditional runtime review required","Name, keyboard, visible focus, semantic state; colour-independent evidence",Existing smoke/unit suites + uiux-review; per-state browser evidence pending,Source owner reviewed; shared tokens applied; interaction/state verification pending,Static source discovery only
Network Schematic,id,#nsCapturePopup,web/assets/network-schematic.js,Preserve existing action/value/state,Shared native controls/surface/type tokens,"Retain IDs, handlers, options and source bytes","Empty, loaded, busy, stale, error, partial; conditional runtime review required","Name, keyboard, visible focus, semantic state; colour-independent evidence",Existing smoke/unit suites + uiux-review; per-state browser evidence pending,Source owner reviewed; shared tokens applied; interaction/state verification pending,Static source discovery only
Network Schematic,id,#nsClearTrace,web/assets/network-schematic.js,Preserve existing action/value/state,Shared native controls/surface/type tokens,"Retain IDs, handlers, options and source bytes","Empty, loaded, busy, stale, error, partial; conditional runtime review required","Name, keyboard, visible focus, semantic state; colour-independent evidence",Existing smoke/unit suites + uiux-review; per-state browser evidence pending,Source owner reviewed; shared tokens applied; interaction/state verification pending,Static source discovery only
Network Schematic,id,#nsCloseAnalysis,web/assets/network-schematic.js,Preserve existing action/value/state,Shared native controls/surface/type tokens,"Retain IDs, handlers, options and source bytes","Empty, loaded, busy, stale, error, partial; conditional runtime review required","Name, keyboard, visible focus, semantic state; colour-independent evidence",Existing smoke/unit suites + uiux-review; per-state browser evidence pending,Source owner reviewed; shared tokens applied; interaction/state verification pending,Static source discovery only
Network Schematic,id,#nsCloseMatrix,web/assets/network-schematic.js,Preserve existing action/value/state,Shared native controls/surface/type tokens,"Retain IDs, handlers, options and source bytes","Empty, loaded, busy, stale, error, partial; conditional runtime review required","Name, keyboard, visible focus, semantic state; colour-independent evidence",Existing smoke/unit suites + uiux-review; per-state browser evidence pending,Source owner reviewed; shared tokens applied; interaction/state verification pending,Static source discovery only
Network Schematic,id,#nsColourChoices,web/assets/network-schematic.js,Preserve existing action/value/state,Shared native controls/surface/type tokens,"Retain IDs, handlers, options and source bytes","Empty, loaded, busy, stale, error, partial; conditional runtime review required","Name, keyboard, visible focus, semantic state; colour-independent evidence",Existing smoke/unit suites + uiux-review; per-state browser evidence pending,Source owner reviewed; shared tokens applied; interaction/state verification pending,Static source discovery only
Network Schematic,id,#nsCommonCalculate,web/assets/network-schematic.js,Preserve existing action/value/state,Shared native controls/surface/type tokens,"Retain IDs, handlers, options and source bytes","Empty, loaded, busy, stale, error, partial; conditional runtime review required","Name, keyboard, visible focus, semantic state; colour-independent evidence",Existing smoke/unit suites + uiux-review; per-state browser evidence pending,Source owner reviewed; shared tokens applied; interaction/state verification pending,Static source discovery only
Network Schematic,id,#nsCommonMessage,web/assets/network-schematic.js,Preserve existing action/value/state,Shared native controls/surface/type tokens,"Retain IDs, handlers, options and source bytes","Empty, loaded, busy, stale, error, partial; conditional runtime review required","Name, keyboard, visible focus, semantic state; colour-independent evidence",Existing smoke/unit suites + uiux-review; per-state browser evidence pending,Source owner reviewed; shared tokens applied; interaction/state verification pending,Static source discovery only
Network Schematic,id,#nsCommonResult,web/assets/network-schematic.js,Preserve existing action/value/state,Shared native controls/surface/type tokens,"Retain IDs, handlers, options and source bytes","Empty, loaded, busy, stale, error, partial; conditional runtime review required","Name, keyboard, visible focus, semantic state; colour-independent evidence",Existing smoke/unit suites + uiux-review; per-state browser evidence pending,Source owner reviewed; shared tokens applied; interaction/state verification pending,Static source discovery only
Network Schematic,id,#nsCommonScenario,web/assets/network-schematic.js,Preserve existing action/value/state,Shared native controls/surface/type tokens,"Retain IDs, handlers, options and source bytes","Empty, loaded, busy, stale, error, partial; conditional runtime review required","Name, keyboard, visible focus, semantic state; colour-independent evidence",Existing smoke/unit suites + uiux-review; per-state browser evidence pending,Source owner reviewed; shared tokens applied; interaction/state verification pending,Static source discovery only
Network Schematic,id,#nsCommonYear,web/assets/network-schematic.js,Preserve existing action/value/state,Shared native controls/surface/type tokens,"Retain IDs, handlers, options and source bytes","Empty, loaded, busy, stale, error, partial; conditional runtime review required","Name, keyboard, visible focus, semantic state; colour-independent evidence",Existing smoke/unit suites + uiux-review; per-state browser evidence pending,Source owner reviewed; shared tokens applied; interaction/state verification pending,Static source discovery only
Network Schematic,id,#nsConfirmed,web/assets/network-schematic.js,Preserve existing action/value/state,Shared native controls/surface/type tokens,"Retain IDs, handlers, options and source bytes","Empty, loaded, busy, stale, error, partial; conditional runtime review required","Name, keyboard, visible focus, semantic state; colour-independent evidence",Existing smoke/unit suites + uiux-review; per-state browser evidence pending,Source owner reviewed; shared tokens applied; interaction/state verification pending,Static source discovery only
Network Schematic,id,#nsConnect,web/assets/network-schematic.js,Preserve existing action/value/state,Shared native controls/surface/type tokens,"Retain IDs, handlers, options and source bytes","Empty, loaded, busy, stale, error, partial; conditional runtime review required","Name, keyboard, visible focus, semantic state; colour-independent evidence",Existing smoke/unit suites + uiux-review; per-state browser evidence pending,Source owner reviewed; shared tokens applied; interaction/state verification pending,Static source discovery only
Network Schematic,id,#nsCsv,web/assets/network-schematic.js,Preserve existing action/value/state,Shared native controls/surface/type tokens,"Retain IDs, handlers, options and source bytes","Empty, loaded, busy, stale, error, partial; conditional runtime review required","Name, keyboard, visible focus, semantic state; colour-independent evidence",Existing smoke/unit suites + uiux-review; per-state browser evidence pending,Source owner reviewed; shared tokens applied; interaction/state verification pending,Static source discovery only
Network Schematic,id,#nsDelete,web/assets/network-schematic.js,Preserve existing action/value/state,Shared native controls/surface/type tokens,"Retain IDs, handlers, options and source bytes","Empty, loaded, busy, stale, error, partial; conditional runtime review required","Name, keyboard, visible focus, semantic state; colour-independent evidence",Existing smoke/unit suites + uiux-review; per-state browser evidence pending,Source owner reviewed; shared tokens applied; interaction/state verification pending,Static source discovery only
Network Schematic,id,#nsDetail,web/assets/network-schematic.js,Preserve existing action/value/state,Shared native controls/surface/type tokens,"Retain IDs, handlers, options and source bytes","Empty, loaded, busy, stale, error, partial; conditional runtime review required","Name, keyboard, visible focus, semantic state; colour-independent evidence",Existing smoke/unit suites + uiux-review; per-state browser evidence pending,Source owner reviewed; shared tokens applied; interaction/state verification pending,Static source discovery only
Network Schematic,id,#nsDrawer,web/assets/network-schematic.js,Preserve existing action/value/state,Shared native controls/surface/type tokens,"Retain IDs, handlers, options and source bytes","Empty, loaded, busy, stale, error, partial; conditional runtime review required","Name, keyboard, visible focus, semantic state; colour-independent evidence",Existing smoke/unit suites + uiux-review; per-state browser evidence pending,Source owner reviewed; shared tokens applied; interaction/state verification pending,Static source discovery only
Network Schematic,id,#nsEdit,web/assets/network-schematic.js,Preserve existing action/value/state,Shared native controls/surface/type tokens,"Retain IDs, handlers, options and source bytes","Empty, loaded, busy, stale, error, partial; conditional runtime review required","Name, keyboard, visible focus, semantic state; colour-independent evidence",Existing smoke/unit suites + uiux-review; per-state browser evidence pending,Source owner reviewed; shared tokens applied; interaction/state verification pending,Static source discovery only
Network Schematic,id,#nsEditTools,web/assets/network-schematic.js,Preserve existing action/value/state,Shared native controls/surface/type tokens,"Retain IDs, handlers, options and source bytes","Empty, loaded, busy, stale, error, partial; conditional runtime review required","Name, keyboard, visible focus, semantic state; colour-independent evidence",Existing smoke/unit suites + uiux-review; per-state browser evidence pending,Source owner reviewed; shared tokens applied; interaction/state verification pending,Static source discovery only
Network Schematic,id,#nsExclusions,web/assets/network-schematic.js,Preserve existing action/value/state,Shared native controls/surface/type tokens,"Retain IDs, handlers, options and source bytes","Empty, loaded, busy, stale, error, partial; conditional runtime review required","Name, keyboard, visible focus, semantic state; colour-independent evidence",Existing smoke/unit suites + uiux-review; per-state browser evidence pending,Source owner reviewed; shared tokens applied; interaction/state verification pending,Static source discovery only
Network Schematic,id,#nsFit,web/assets/network-schematic.js,Preserve existing action/value/state,Shared native controls/surface/type tokens,"Retain IDs, handlers, options and source bytes","Empty, loaded, busy, stale, error, partial; conditional runtime review required","Name, keyboard, visible focus, semantic state; colour-independent evidence",Existing smoke/unit suites + uiux-review; per-state browser evidence pending,Source owner reviewed; shared tokens applied; interaction/state verification pending,Static source discovery only
Network Schematic,id,#nsGap,web/assets/network-schematic.js,Preserve existing action/value/state,Shared native controls/surface/type tokens,"Retain IDs, handlers, options and source bytes","Empty, loaded, busy, stale, error, partial; conditional runtime review required","Name, keyboard, visible focus, semantic state; colour-independent evidence",Existing smoke/unit suites + uiux-review; per-state browser evidence pending,Source owner reviewed; shared tokens applied; interaction/state verification pending,Static source discovery only
Network Schematic,id,#nsHealthFilter,web/assets/network-schematic.js,Preserve existing action/value/state,Shared native controls/surface/type tokens,"Retain IDs, handlers, options and source bytes","Empty, loaded, busy, stale, error, partial; conditional runtime review required","Name, keyboard, visible focus, semantic state; colour-independent evidence",Existing smoke/unit suites + uiux-review; per-state browser evidence pending,Source owner reviewed; shared tokens applied; interaction/state verification pending,Static source discovery only
Network Schematic,id,#nsHiddenCount,web/assets/network-schematic.js,Preserve existing action/value/state,Shared native controls/surface/type tokens,"Retain IDs, handlers, options and source bytes","Empty, loaded, busy, stale, error, partial; conditional runtime review required","Name, keyboard, visible focus, semantic state; colour-independent evidence",Existing smoke/unit suites + uiux-review; per-state browser evidence pending,Source owner reviewed; shared tokens applied; interaction/state verification pending,Static source discovery only
Network Schematic,id,#nsHover,web/assets/network-schematic.js,Preserve existing action/value/state,Shared native controls/surface/type tokens,"Retain IDs, handlers, options and source bytes","Empty, loaded, busy, stale, error, partial; conditional runtime review required","Name, keyboard, visible focus, semantic state; colour-independent evidence",Existing smoke/unit suites + uiux-review; per-state browser evidence pending,Source owner reviewed; shared tokens applied; interaction/state verification pending,Static source discovery only
Network Schematic,id,#nsLabelX,web/assets/network-schematic.js,Preserve existing action/value/state,Shared native controls/surface/type tokens,"Retain IDs, handlers, options and source bytes","Empty, loaded, busy, stale, error, partial; conditional runtime review required","Name, keyboard, visible focus, semantic state; colour-independent evidence",Existing smoke/unit suites + uiux-review; per-state browser evidence pending,Source owner reviewed; shared tokens applied; interaction/state verification pending,Static source discovery only
Network Schematic,id,#nsLabelY,web/assets/network-schematic.js,Preserve existing action/value/state,Shared native controls/surface/type tokens,"Retain IDs, handlers, options and source bytes","Empty, loaded, busy, stale, error, partial; conditional runtime review required","Name, keyboard, visible focus, semantic state; colour-independent evidence",Existing smoke/unit suites + uiux-review; per-state browser evidence pending,Source owner reviewed; shared tokens applied; interaction/state verification pending,Static source discovery only
Network Schematic,id,#nsLayout,web/assets/network-schematic.js,Preserve existing action/value/state,Shared native controls/surface/type tokens,"Retain IDs, handlers, options and source bytes","Empty, loaded, busy, stale, error, partial; conditional runtime review required","Name, keyboard, visible focus, semantic state; colour-independent evidence",Existing smoke/unit suites + uiux-review; per-state browser evidence pending,Source owner reviewed; shared tokens applied; interaction/state verification pending,Static source discovery only
Network Schematic,id,#nsLoad,web/assets/network-schematic.js,Preserve existing action/value/state,Shared native controls/surface/type tokens,"Retain IDs, handlers, options and source bytes","Empty, loaded, busy, stale, error, partial; conditional runtime review required","Name, keyboard, visible focus, semantic state; colour-independent evidence",Existing smoke/unit suites + uiux-review; per-state browser evidence pending,Source owner reviewed; shared tokens applied; interaction/state verification pending,Static source discovery only
Network Schematic,id,#nsLoadInput,web/assets/network-schematic.js,Preserve existing action/value/state,Shared native controls/surface/type tokens,"Retain IDs, handlers, options and source bytes","Empty, loaded, busy, stale, error, partial; conditional runtime review required","Name, keyboard, visible focus, semantic state; colour-independent evidence",Existing smoke/unit suites + uiux-review; per-state browser evidence pending,Source owner reviewed; shared tokens applied; interaction/state verification pending,Static source discovery only
Network Schematic,id,#nsLocked,web/assets/network-schematic.js,Preserve existing action/value/state,Shared native controls/surface/type tokens,"Retain IDs, handlers, options and source bytes","Empty, loaded, busy, stale, error, partial; conditional runtime review required","Name, keyboard, visible focus, semantic state; colour-independent evidence",Existing smoke/unit suites + uiux-review; per-state browser evidence pending,Source owner reviewed; shared tokens applied; interaction/state verification pending,Static source discovery only
Network Schematic,id,#nsMatrix,web/assets/network-schematic.js,Preserve existing action/value/state,Shared native controls/surface/type tokens,"Retain IDs, handlers, options and source bytes","Empty, loaded, busy, stale, error, partial; conditional runtime review required","Name, keyboard, visible focus, semantic state; colour-independent evidence",Existing smoke/unit suites + uiux-review; per-state browser evidence pending,Source owner reviewed; shared tokens applied; interaction/state verification pending,Static source discovery only
Network Schematic,id,#nsMatrixBody,web/assets/network-schematic.js,Preserve existing action/value/state,Shared native controls/surface/type tokens,"Retain IDs, handlers, options and source bytes","Empty, loaded, busy, stale, error, partial; conditional runtime review required","Name, keyboard, visible focus, semantic state; colour-independent evidence",Existing smoke/unit suites + uiux-review; per-state browser evidence pending,Source owner reviewed; shared tokens applied; interaction/state verification pending,Static source discovery only
Network Schematic,id,#nsMatrixSearch,web/assets/network-schematic.js,Preserve existing action/value/state,Shared native controls/surface/type tokens,"Retain IDs, handlers, options and source bytes","Empty, loaded, busy, stale, error, partial; conditional runtime review required","Name, keyboard, visible focus, semantic state; colour-independent evidence",Existing smoke/unit suites + uiux-review; per-state browser evidence pending,Source owner reviewed; shared tokens applied; interaction/state verification pending,Static source discovery only
Network Schematic,id,#nsMatrixSelected,web/assets/network-schematic.js,Preserve existing action/value/state,Shared native controls/surface/type tokens,"Retain IDs, handlers, options and source bytes","Empty, loaded, busy, stale, error, partial; conditional runtime review required","Name, keyboard, visible focus, semantic state; colour-independent evidence",Existing smoke/unit suites + uiux-review; per-state browser evidence pending,Source owner reviewed; shared tokens applied; interaction/state verification pending,Static source discovery only
Network Schematic,id,#nsMetric,web/assets/network-schematic.js,Preserve existing action/value/state,Shared native controls/surface/type tokens,"Retain IDs, handlers, options and source bytes","Empty, loaded, busy, stale, error, partial; conditional runtime review required","Name, keyboard, visible focus, semantic state; colour-independent evidence",Existing smoke/unit suites + uiux-review; per-state browser evidence pending,Source owner reviewed; shared tokens applied; interaction/state verification pending,Static source discovery only
Network Schematic,id,#nsModelDefault,web/assets/network-schematic.js,Preserve existing action/value/state,Shared native controls/surface/type tokens,"Retain IDs, handlers, options and source bytes","Empty, loaded, busy, stale, error, partial; conditional runtime review required","Name, keyboard, visible focus, semantic state; colour-independent evidence",Existing smoke/unit suites + uiux-review; per-state browser evidence pending,Source owner reviewed; shared tokens applied; interaction/state verification pending,Static source discovery only
Network Schematic,id,#nsName,web/assets/network-schematic.js,Preserve existing action/value/state,Shared native controls/surface/type tokens,"Retain IDs, handlers, options and source bytes","Empty, loaded, busy, stale, error, partial; conditional runtime review required","Name, keyboard, visible focus, semantic state; colour-independent evidence",Existing smoke/unit suites + uiux-review; per-state browser evidence pending,Source owner reviewed; shared tokens applied; interaction/state verification pending,Static source discovery only
Network Schematic,id,#nsNewScenario,web/assets/network-schematic.js,Preserve existing action/value/state,Shared native controls/surface/type tokens,"Retain IDs, handlers, options and source bytes","Empty, loaded, busy, stale, error, partial; conditional runtime review required","Name, keyboard, visible focus, semantic state; colour-independent evidence",Existing smoke/unit suites + uiux-review; per-state browser evidence pending,Source owner reviewed; shared tokens applied; interaction/state verification pending,Static source discovery only
Network Schematic,id,#nsObservedDefault,web/assets/network-schematic.js,Preserve existing action/value/state,Shared native controls/surface/type tokens,"Retain IDs, handlers, options and source bytes","Empty, loaded, busy, stale, error, partial; conditional runtime review required","Name, keyboard, visible focus, semantic state; colour-independent evidence",Existing smoke/unit suites + uiux-review; per-state browser evidence pending,Source owner reviewed; shared tokens applied; interaction/state verification pending,Static source discovery only
Network Schematic,id,#nsPan,web/assets/network-schematic.js,Preserve existing action/value/state,Shared native controls/surface/type tokens,"Retain IDs, handlers, options and source bytes","Empty, loaded, busy, stale, error, partial; conditional runtime review required","Name, keyboard, visible focus, semantic state; colour-independent evidence",Existing smoke/unit suites + uiux-review; per-state browser evidence pending,Source owner reviewed; shared tokens applied; interaction/state verification pending,Static source discovery only
Network Schematic,id,#nsPicker,web/assets/network-schematic.js,Preserve existing action/value/state,Shared native controls/surface/type tokens,"Retain IDs, handlers, options and source bytes","Empty, loaded, busy, stale, error, partial; conditional runtime review required","Name, keyboard, visible focus, semantic state; colour-independent evidence",Existing smoke/unit suites + uiux-review; per-state browser evidence pending,Source owner reviewed; shared tokens applied; interaction/state verification pending,Static source discovery only
Network Schematic,id,#nsPinned,web/assets/network-schematic.js,Preserve existing action/value/state,Shared native controls/surface/type tokens,"Retain IDs, handlers, options and source bytes","Empty, loaded, busy, stale, error, partial; conditional runtime review required","Name, keyboard, visible focus, semantic state; colour-independent evidence",Existing smoke/unit suites + uiux-review; per-state browser evidence pending,Source owner reviewed; shared tokens applied; interaction/state verification pending,Static source discovery only
Network Schematic,id,#nsPopup,web/assets/network-schematic.js,Preserve existing action/value/state,Shared native controls/surface/type tokens,"Retain IDs, handlers, options and source bytes","Empty, loaded, busy, stale, error, partial; conditional runtime review required","Name, keyboard, visible focus, semantic state; colour-independent evidence",Existing smoke/unit suites + uiux-review; per-state browser evidence pending,Source owner reviewed; shared tokens applied; interaction/state verification pending,Static source discovery only
Network Schematic,id,#nsRedo,web/assets/network-schematic.js,Preserve existing action/value/state,Shared native controls/surface/type tokens,"Retain IDs, handlers, options and source bytes","Empty, loaded, busy, stale, error, partial; conditional runtime review required","Name, keyboard, visible focus, semantic state; colour-independent evidence",Existing smoke/unit suites + uiux-review; per-state browser evidence pending,Source owner reviewed; shared tokens applied; interaction/state verification pending,Static source discovery only
Network Schematic,id,#nsReportExport,web/assets/network-schematic.js,Preserve existing action/value/state,Shared native controls/surface/type tokens,"Retain IDs, handlers, options and source bytes","Empty, loaded, busy, stale, error, partial; conditional runtime review required","Name, keyboard, visible focus, semantic state; colour-independent evidence",Existing smoke/unit suites + uiux-review; per-state browser evidence pending,Source owner reviewed; shared tokens applied; interaction/state verification pending,Static source discovery only
Network Schematic,id,#nsResetLabel,web/assets/network-schematic.js,Preserve existing action/value/state,Shared native controls/surface/type tokens,"Retain IDs, handlers, options and source bytes","Empty, loaded, busy, stale, error, partial; conditional runtime review required","Name, keyboard, visible focus, semantic state; colour-independent evidence",Existing smoke/unit suites + uiux-review; per-state browser evidence pending,Source owner reviewed; shared tokens applied; interaction/state verification pending,Static source discovery only
Network Schematic,id,#nsResultFilter,web/assets/network-schematic.js,Preserve existing action/value/state,Shared native controls/surface/type tokens,"Retain IDs, handlers, options and source bytes","Empty, loaded, busy, stale, error, partial; conditional runtime review required","Name, keyboard, visible focus, semantic state; colour-independent evidence",Existing smoke/unit suites + uiux-review; per-state browser evidence pending,Source owner reviewed; shared tokens applied; interaction/state verification pending,Static source discovery only
Network Schematic,id,#nsReviewComment,web/assets/network-schematic.js,Preserve existing action/value/state,Shared native controls/surface/type tokens,"Retain IDs, handlers, options and source bytes","Empty, loaded, busy, stale, error, partial; conditional runtime review required","Name, keyboard, visible focus, semantic state; colour-independent evidence",Existing smoke/unit suites + uiux-review; per-state browser evidence pending,Source owner reviewed; shared tokens applied; interaction/state verification pending,Static source discovery only
Network Schematic,id,#nsReviewStatus,web/assets/network-schematic.js,Preserve existing action/value/state,Shared native controls/surface/type tokens,"Retain IDs, handlers, options and source bytes","Empty, loaded, busy, stale, error, partial; conditional runtime review required","Name, keyboard, visible focus, semantic state; colour-independent evidence",Existing smoke/unit suites + uiux-review; per-state browser evidence pending,Source owner reviewed; shared tokens applied; interaction/state verification pending,Static source discovery only
Network Schematic,id,#nsReviewTools,web/assets/network-schematic.js,Preserve existing action/value/state,Shared native controls/surface/type tokens,"Retain IDs, handlers, options and source bytes","Empty, loaded, busy, stale, error, partial; conditional runtime review required","Name, keyboard, visible focus, semantic state; colour-independent evidence",Existing smoke/unit suites + uiux-review; per-state browser evidence pending,Source owner reviewed; shared tokens applied; interaction/state verification pending,Static source discovery only
Network Schematic,id,#nsSave,web/assets/network-schematic.js,Preserve existing action/value/state,Shared native controls/surface/type tokens,"Retain IDs, handlers, options and source bytes","Empty, loaded, busy, stale, error, partial; conditional runtime review required","Name, keyboard, visible focus, semantic state; colour-independent evidence",Existing smoke/unit suites + uiux-review; per-state browser evidence pending,Source owner reviewed; shared tokens applied; interaction/state verification pending,Static source discovery only
Network Schematic,id,#nsSaveSnapshot,web/assets/network-schematic.js,Preserve existing action/value/state,Shared native controls/surface/type tokens,"Retain IDs, handlers, options and source bytes","Empty, loaded, busy, stale, error, partial; conditional runtime review required","Name, keyboard, visible focus, semantic state; colour-independent evidence",Existing smoke/unit suites + uiux-review; per-state browser evidence pending,Source owner reviewed; shared tokens applied; interaction/state verification pending,Static source discovery only
Network Schematic,id,#nsSaveView,web/assets/network-schematic.js,Preserve existing action/value/state,Shared native controls/surface/type tokens,"Retain IDs, handlers, options and source bytes","Empty, loaded, busy, stale, error, partial; conditional runtime review required","Name, keyboard, visible focus, semantic state; colour-independent evidence",Existing smoke/unit suites + uiux-review; per-state browser evidence pending,Source owner reviewed; shared tokens applied; interaction/state verification pending,Static source discovery only
Network Schematic,id,#nsScenario,web/assets/network-schematic.js,Preserve existing action/value/state,Shared native controls/surface/type tokens,"Retain IDs, handlers, options and source bytes","Empty, loaded, busy, stale, error, partial; conditional runtime review required","Name, keyboard, visible focus, semantic state; colour-independent evidence",Existing smoke/unit suites + uiux-review; per-state browser evidence pending,Source owner reviewed; shared tokens applied; interaction/state verification pending,Static source discovery only
Network Schematic,id,#nsScenarioChoices,web/assets/network-schematic.js,Preserve existing action/value/state,Shared native controls/surface/type tokens,"Retain IDs, handlers, options and source bytes","Empty, loaded, busy, stale, error, partial; conditional runtime review required","Name, keyboard, visible focus, semantic state; colour-independent evidence",Existing smoke/unit suites + uiux-review; per-state browser evidence pending,Source owner reviewed; shared tokens applied; interaction/state verification pending,Static source discovery only
Network Schematic,id,#nsSelectionCount,web/assets/network-schematic.js,Preserve existing action/value/state,Shared native controls/surface/type tokens,"Retain IDs, handlers, options and source bytes","Empty, loaded, busy, stale, error, partial; conditional runtime review required","Name, keyboard, visible focus, semantic state; colour-independent evidence",Existing smoke/unit suites + uiux-review; per-state browser evidence pending,Source owner reviewed; shared tokens applied; interaction/state verification pending,Static source discovery only
Network Schematic,id,#nsSnap,web/assets/network-schematic.js,Preserve existing action/value/state,Shared native controls/surface/type tokens,"Retain IDs, handlers, options and source bytes","Empty, loaded, busy, stale, error, partial; conditional runtime review required","Name, keyboard, visible focus, semantic state; colour-independent evidence",Existing smoke/unit suites + uiux-review; per-state browser evidence pending,Source owner reviewed; shared tokens applied; interaction/state verification pending,Static source discovery only
Network Schematic,id,#nsSnapshotSelect,web/assets/network-schematic.js,Preserve existing action/value/state,Shared native controls/surface/type tokens,"Retain IDs, handlers, options and source bytes","Empty, loaded, busy, stale, error, partial; conditional runtime review required","Name, keyboard, visible focus, semantic state; colour-independent evidence",Existing smoke/unit suites + uiux-review; per-state browser evidence pending,Source owner reviewed; shared tokens applied; interaction/state verification pending,Static source discovery only
Network Schematic,id,#nsSourceSearch,web/assets/network-schematic.js,Preserve existing action/value/state,Shared native controls/surface/type tokens,"Retain IDs, handlers, options and source bytes","Empty, loaded, busy, stale, error, partial; conditional runtime review required","Name, keyboard, visible focus, semantic state; colour-independent evidence",Existing smoke/unit suites + uiux-review; per-state browser evidence pending,Source owner reviewed; shared tokens applied; interaction/state verification pending,Static source discovery only
Network Schematic,id,#nsStatus,web/assets/network-schematic.js,Preserve existing action/value/state,Shared native controls/surface/type tokens,"Retain IDs, handlers, options and source bytes","Empty, loaded, busy, stale, error, partial; conditional runtime review required","Name, keyboard, visible focus, semantic state; colour-independent evidence",Existing smoke/unit suites + uiux-review; per-state browser evidence pending,Source owner reviewed; shared tokens applied; interaction/state verification pending,Static source discovery only
Network Schematic,id,#nsStraighten,web/assets/network-schematic.js,Preserve existing action/value/state,Shared native controls/surface/type tokens,"Retain IDs, handlers, options and source bytes","Empty, loaded, busy, stale, error, partial; conditional runtime review required","Name, keyboard, visible focus, semantic state; colour-independent evidence",Existing smoke/unit suites + uiux-review; per-state browser evidence pending,Source owner reviewed; shared tokens applied; interaction/state verification pending,Static source discovery only
Network Schematic,id,#nsSvg,web/assets/network-schematic.js,Preserve existing action/value/state,Shared native controls/surface/type tokens,"Retain IDs, handlers, options and source bytes","Empty, loaded, busy, stale, error, partial; conditional runtime review required","Name, keyboard, visible focus, semantic state; colour-independent evidence",Existing smoke/unit suites + uiux-review; per-state browser evidence pending,Source owner reviewed; shared tokens applied; interaction/state verification pending,Static source discovery only
Network Schematic,id,#nsSvgExport,web/assets/network-schematic.js,Preserve existing action/value/state,Shared native controls/surface/type tokens,"Retain IDs, handlers, options and source bytes","Empty, loaded, busy, stale, error, partial; conditional runtime review required","Name, keyboard, visible focus, semantic state; colour-independent evidence",Existing smoke/unit suites + uiux-review; per-state browser evidence pending,Source owner reviewed; shared tokens applied; interaction/state verification pending,Static source discovery only
Network Schematic,id,#nsType,web/assets/network-schematic.js,Preserve existing action/value/state,Shared native controls/surface/type tokens,"Retain IDs, handlers, options and source bytes","Empty, loaded, busy, stale, error, partial; conditional runtime review required","Name, keyboard, visible focus, semantic state; colour-independent evidence",Existing smoke/unit suites + uiux-review; per-state browser evidence pending,Source owner reviewed; shared tokens applied; interaction/state verification pending,Static source discovery only
Network Schematic,id,#nsTypeFilter,web/assets/network-schematic.js,Preserve existing action/value/state,Shared native controls/surface/type tokens,"Retain IDs, handlers, options and source bytes","Empty, loaded, busy, stale, error, partial; conditional runtime review required","Name, keyboard, visible focus, semantic state; colour-independent evidence",Existing smoke/unit suites + uiux-review; per-state browser evidence pending,Source owner reviewed; shared tokens applied; interaction/state verification pending,Static source discovery only
Network Schematic,id,#nsUndo,web/assets/network-schematic.js,Preserve existing action/value/state,Shared native controls/surface/type tokens,"Retain IDs, handlers, options and source bytes","Empty, loaded, busy, stale, error, partial; conditional runtime review required","Name, keyboard, visible focus, semantic state; colour-independent evidence",Existing smoke/unit suites + uiux-review; per-state browser evidence pending,Source owner reviewed; shared tokens applied; interaction/state verification pending,Static source discovery only
Network Schematic,id,#nsViewName,web/assets/network-schematic.js,Preserve existing action/value/state,Shared native controls/surface/type tokens,"Retain IDs, handlers, options and source bytes","Empty, loaded, busy, stale, error, partial; conditional runtime review required","Name, keyboard, visible focus, semantic state; colour-independent evidence",Existing smoke/unit suites + uiux-review; per-state browser evidence pending,Source owner reviewed; shared tokens applied; interaction/state verification pending,Static source discovery only
Network Schematic,id,#nsViewSelect,web/assets/network-schematic.js,Preserve existing action/value/state,Shared native controls/surface/type tokens,"Retain IDs, handlers, options and source bytes","Empty, loaded, busy, stale, error, partial; conditional runtime review required","Name, keyboard, visible focus, semantic state; colour-independent evidence",Existing smoke/unit suites + uiux-review; per-state browser evidence pending,Source owner reviewed; shared tokens applied; interaction/state verification pending,Static source discovery only
Network Schematic,id,#nsWorkbench,web/assets/network-schematic.js,Preserve existing action/value/state,Shared native controls/surface/type tokens,"Retain IDs, handlers, options and source bytes","Empty, loaded, busy, stale, error, partial; conditional runtime review required","Name, keyboard, visible focus, semantic state; colour-independent evidence",Existing smoke/unit suites + uiux-review; per-state browser evidence pending,Source owner reviewed; shared tokens applied; interaction/state verification pending,Static source discovery only
Network Schematic,id,#nsYear,web/assets/network-schematic.js,Preserve existing action/value/state,Shared native controls/surface/type tokens,"Retain IDs, handlers, options and source bytes","Empty, loaded, busy, stale, error, partial; conditional runtime review required","Name, keyboard, visible focus, semantic state; colour-independent evidence",Existing smoke/unit suites + uiux-review; per-state browser evidence pending,Source owner reviewed; shared tokens applied; interaction/state verification pending,Static source discovery only
Network Schematic,id,#nsZoom,web/assets/network-schematic.js,Preserve existing action/value/state,Shared native controls/surface/type tokens,"Retain IDs, handlers, options and source bytes","Empty, loaded, busy, stale, error, partial; conditional runtime review required","Name, keyboard, visible focus, semantic state; colour-independent evidence",Existing smoke/unit suites + uiux-review; per-state browser evidence pending,Source owner reviewed; shared tokens applied; interaction/state verification pending,Static source discovery only
Network Schematic,id,#nsZoomIn,web/assets/network-schematic.js,Preserve existing action/value/state,Shared native controls/surface/type tokens,"Retain IDs, handlers, options and source bytes","Empty, loaded, busy, stale, error, partial; conditional runtime review required","Name, keyboard, visible focus, semantic state; colour-independent evidence",Existing smoke/unit suites + uiux-review; per-state browser evidence pending,Source owner reviewed; shared tokens applied; interaction/state verification pending,Static source discovery only
Network Schematic,id,#nsZoomOut,web/assets/network-schematic.js,Preserve existing action/value/state,Shared native controls/surface/type tokens,"Retain IDs, handlers, options and source bytes","Empty, loaded, busy, stale, error, partial; conditional runtime review required","Name, keyboard, visible focus, semantic state; colour-independent evidence",Existing smoke/unit suites + uiux-review; per-state browser evidence pending,Source owner reviewed; shared tokens applied; interaction/state verification pending,Static source discovery only
Global / shared / route ownership pending runtime inventory,id,#obsColor,web/index.html,Preserve existing action/value/state,Shared native controls/surface/type tokens,"Retain IDs, handlers, options and source bytes","Empty, loaded, busy, stale, error, partial; conditional runtime review required","Name, keyboard, visible focus, semantic state; colour-independent evidence",Existing smoke/unit suites + uiux-review; per-state browser evidence pending,Source owner reviewed; shared tokens applied; interaction/state verification pending,Static source discovery only
Global / shared / route ownership pending runtime inventory,id,#obsMonthly,web/index.html,Preserve existing action/value/state,Shared native controls/surface/type tokens,"Retain IDs, handlers, options and source bytes","Empty, loaded, busy, stale, error, partial; conditional runtime review required","Name, keyboard, visible focus, semantic state; colour-independent evidence",Existing smoke/unit suites + uiux-review; per-state browser evidence pending,Source owner reviewed; shared tokens applied; interaction/state verification pending,Static source discovery only
Global / shared / route ownership pending runtime inventory,id,#obsSpillSummary,web/index.html,Preserve existing action/value/state,Shared native controls/surface/type tokens,"Retain IDs, handlers, options and source bytes","Empty, loaded, busy, stale, error, partial; conditional runtime review required","Name, keyboard, visible focus, semantic state; colour-independent evidence",Existing smoke/unit suites + uiux-review; per-state browser evidence pending,Source owner reviewed; shared tokens applied; interaction/state verification pending,Static source discovery only
Global / shared / route ownership pending runtime inventory,id,#obsThreshold,web/index.html,Preserve existing action/value/state,Shared native controls/surface/type tokens,"Retain IDs, handlers, options and source bytes","Empty, loaded, busy, stale, error, partial; conditional runtime review required","Name, keyboard, visible focus, semantic state; colour-independent evidence",Existing smoke/unit suites + uiux-review; per-state browser evidence pending,Source owner reviewed; shared tokens applied; interaction/state verification pending,Static source discovery only
Global / shared / route ownership pending runtime inventory,id,#observedDepthColour,web/index.html,Preserve existing action/value/state,Shared native controls/surface/type tokens,"Retain IDs, handlers, options and source bytes","Empty, loaded, busy, stale, error, partial; conditional runtime review required","Name, keyboard, visible focus, semantic state; colour-independent evidence",Existing smoke/unit suites + uiux-review; per-state browser evidence pending,Source owner reviewed; shared tokens applied; interaction/state verification pending,Static source discovery only
Global / shared / route ownership pending runtime inventory,id,#observedFlowColour,web/index.html,Preserve existing action/value/state,Shared native controls/surface/type tokens,"Retain IDs, handlers, options and source bytes","Empty, loaded, busy, stale, error, partial; conditional runtime review required","Name, keyboard, visible focus, semantic state; colour-independent evidence",Existing smoke/unit suites + uiux-review; per-state browser evidence pending,Source owner reviewed; shared tokens applied; interaction/state verification pending,Static source discovery only
Global / shared / route ownership pending runtime inventory,id,#observedSelect,web/index.html,Preserve existing action/value/state,Shared native controls/surface/type tokens,"Retain IDs, handlers, options and source bytes","Empty, loaded, busy, stale, error, partial; conditional runtime review required","Name, keyboard, visible focus, semantic state; colour-independent evidence",Existing smoke/unit suites + uiux-review; per-state browser evidence pending,Source owner reviewed; shared tokens applied; interaction/state verification pending,Static source discovery only
Global / shared / route ownership pending runtime inventory,id,#observedVelocityColour,web/index.html,Preserve existing action/value/state,Shared native controls/surface/type tokens,"Retain IDs, handlers, options and source bytes","Empty, loaded, busy, stale, error, partial; conditional runtime review required","Name, keyboard, visible focus, semantic state; colour-independent evidence",Existing smoke/unit suites + uiux-review; per-state browser evidence pending,Source owner reviewed; shared tokens applied; interaction/state verification pending,Static source discovery only
Global / shared / route ownership pending runtime inventory,id,#offsetInput,web/index.html,Preserve existing action/value/state,Shared native controls/surface/type tokens,"Retain IDs, handlers, options and source bytes","Empty, loaded, busy, stale, error, partial; conditional runtime review required","Name, keyboard, visible focus, semantic state; colour-independent evidence",Existing smoke/unit suites + uiux-review; per-state browser evidence pending,Source owner reviewed; shared tokens applied; interaction/state verification pending,Static source discovery only
Global / shared / route ownership pending runtime inventory,id,#operationQueue,web/assets/runtime.release.js,Preserve existing action/value/state,Shared native controls/surface/type tokens,"Retain IDs, handlers, options and source bytes","Empty, loaded, busy, stale, error, partial; conditional runtime review required","Name, keyboard, visible focus, semantic state; colour-independent evidence",Existing smoke/unit suites + uiux-review; per-state browser evidence pending,Source owner reviewed; shared tokens applied; interaction/state verification pending,Static source discovery only
Global / shared / route ownership pending runtime inventory,id,#poolBody,web/index.html,Preserve existing action/value/state,Shared native controls/surface/type tokens,"Retain IDs, handlers, options and source bytes","Empty, loaded, busy, stale, error, partial; conditional runtime review required","Name, keyboard, visible focus, semantic state; colour-independent evidence",Existing smoke/unit suites + uiux-review; per-state browser evidence pending,Source owner reviewed; shared tokens applied; interaction/state verification pending,Static source discovery only
Global / shared / route ownership pending runtime inventory,id,#poolSummary,web/index.html,Preserve existing action/value/state,Shared native controls/surface/type tokens,"Retain IDs, handlers, options and source bytes","Empty, loaded, busy, stale, error, partial; conditional runtime review required","Name, keyboard, visible focus, semantic state; colour-independent evidence",Existing smoke/unit suites + uiux-review; per-state browser evidence pending,Source owner reviewed; shared tokens applied; interaction/state verification pending,Static source discovery only
Network Schematic,id,#printReport,web/assets/network-schematic.js,Preserve existing action/value/state,Shared native controls/surface/type tokens,"Retain IDs, handlers, options and source bytes","Empty, loaded, busy, stale, error, partial; conditional runtime review required","Name, keyboard, visible focus, semantic state; colour-independent evidence",Existing smoke/unit suites + uiux-review; per-state browser evidence pending,Source owner reviewed; shared tokens applied; interaction/state verification pending,Static source discovery only
Global / shared / route ownership pending runtime inventory,id,#professionalGaugeBody,web/index.html,Preserve existing action/value/state,Shared native controls/surface/type tokens,"Retain IDs, handlers, options and source bytes","Empty, loaded, busy, stale, error, partial; conditional runtime review required","Name, keyboard, visible focus, semantic state; colour-independent evidence",Existing smoke/unit suites + uiux-review; per-state browser evidence pending,Source owner reviewed; shared tokens applied; interaction/state verification pending,Static source discovery only
Global / shared / route ownership pending runtime inventory,id,#professionalRainEventBody,web/index.html,Preserve existing action/value/state,Shared native controls/surface/type tokens,"Retain IDs, handlers, options and source bytes","Empty, loaded, busy, stale, error, partial; conditional runtime review required","Name, keyboard, visible focus, semantic state; colour-independent evidence",Existing smoke/unit suites + uiux-review; per-state browser evidence pending,Source owner reviewed; shared tokens applied; interaction/state verification pending,Static source discovery only
Global / shared / route ownership pending runtime inventory,id,#professionalSurveyMethod,web/index.html,Preserve existing action/value/state,Shared native controls/surface/type tokens,"Retain IDs, handlers, options and source bytes","Empty, loaded, busy, stale, error, partial; conditional runtime review required","Name, keyboard, visible focus, semantic state; colour-independent evidence",Existing smoke/unit suites + uiux-review; per-state browser evidence pending,Source owner reviewed; shared tokens applied; interaction/state verification pending,Static source discovery only
Global / shared / route ownership pending runtime inventory,id,#professionalSurveyStatus,web/index.html,Preserve existing action/value/state,Shared native controls/surface/type tokens,"Retain IDs, handlers, options and source bytes","Empty, loaded, busy, stale, error, partial; conditional runtime review required","Name, keyboard, visible focus, semantic state; colour-independent evidence",Existing smoke/unit suites + uiux-review; per-state browser evidence pending,Source owner reviewed; shared tokens applied; interaction/state verification pending,Static source discovery only
Global / shared / route ownership pending runtime inventory,id,#professionalSurveySummary,web/index.html,Preserve existing action/value/state,Shared native controls/surface/type tokens,"Retain IDs, handlers, options and source bytes","Empty, loaded, busy, stale, error, partial; conditional runtime review required","Name, keyboard, visible focus, semantic state; colour-independent evidence",Existing smoke/unit suites + uiux-review; per-state browser evidence pending,Source owner reviewed; shared tokens applied; interaction/state verification pending,Static source discovery only
Global / shared / route ownership pending runtime inventory,id,#professionalWeeklyBody,web/index.html,Preserve existing action/value/state,Shared native controls/surface/type tokens,"Retain IDs, handlers, options and source bytes","Empty, loaded, busy, stale, error, partial; conditional runtime review required","Name, keyboard, visible focus, semantic state; colour-independent evidence",Existing smoke/unit suites + uiux-review; per-state browser evidence pending,Source owner reviewed; shared tokens applied; interaction/state verification pending,Static source discovery only
Global / shared / route ownership pending runtime inventory,id,#pwAboutWorkspaces,web/assets/precision-workbench.js,Preserve existing action/value/state,Shared native controls/surface/type tokens,"Retain IDs, handlers, options and source bytes","Empty, loaded, busy, stale, error, partial; conditional runtime review required","Name, keyboard, visible focus, semantic state; colour-independent evidence",Existing smoke/unit suites + uiux-review; per-state browser evidence pending,Source owner reviewed; shared tokens applied; interaction/state verification pending,Static source discovery only
Global / shared / route ownership pending runtime inventory,id,#pwAssetSearch,web/assets/precision-workbench.js,Preserve existing action/value/state,Shared native controls/surface/type tokens,"Retain IDs, handlers, options and source bytes","Empty, loaded, busy, stale, error, partial; conditional runtime review required","Name, keyboard, visible focus, semantic state; colour-independent evidence",Existing smoke/unit suites + uiux-review; per-state browser evidence pending,Source owner reviewed; shared tokens applied; interaction/state verification pending,Static source discovery only
Global / shared / route ownership pending runtime inventory,id,#pwAssets,web/assets/precision-workbench.js,Preserve existing action/value/state,Shared native controls/surface/type tokens,"Retain IDs, handlers, options and source bytes","Empty, loaded, busy, stale, error, partial; conditional runtime review required","Name, keyboard, visible focus, semantic state; colour-independent evidence",Existing smoke/unit suites + uiux-review; per-state browser evidence pending,Source owner reviewed; shared tokens applied; interaction/state verification pending,Static source discovery only
Global / shared / route ownership pending runtime inventory,id,#pwBrandToggle,web/assets/precision-workbench.js,Preserve existing action/value/state,Shared native controls/surface/type tokens,"Retain IDs, handlers, options and source bytes","Empty, loaded, busy, stale, error, partial; conditional runtime review required","Name, keyboard, visible focus, semantic state; colour-independent evidence",Existing smoke/unit suites + uiux-review; per-state browser evidence pending,Source owner reviewed; shared tokens applied; interaction/state verification pending,Static source discovery only
Global / shared / route ownership pending runtime inventory,id,#pwBreadcrumbPage,web/assets/precision-workbench.js,Preserve existing action/value/state,Shared native controls/surface/type tokens,"Retain IDs, handlers, options and source bytes","Empty, loaded, busy, stale, error, partial; conditional runtime review required","Name, keyboard, visible focus, semantic state; colour-independent evidence",Existing smoke/unit suites + uiux-review; per-state browser evidence pending,Source owner reviewed; shared tokens applied; interaction/state verification pending,Static source discovery only
Global / shared / route ownership pending runtime inventory,id,#pwBreadcrumbWorkspace,web/assets/precision-workbench.js,Preserve existing action/value/state,Shared native controls/surface/type tokens,"Retain IDs, handlers, options and source bytes","Empty, loaded, busy, stale, error, partial; conditional runtime review required","Name, keyboard, visible focus, semantic state; colour-independent evidence",Existing smoke/unit suites + uiux-review; per-state browser evidence pending,Source owner reviewed; shared tokens applied; interaction/state verification pending,Static source discovery only
Global / shared / route ownership pending runtime inventory,id,#pwDataHealthDetails,web/assets/precision-workbench.js,Preserve existing action/value/state,Shared native controls/surface/type tokens,"Retain IDs, handlers, options and source bytes","Empty, loaded, busy, stale, error, partial; conditional runtime review required","Name, keyboard, visible focus, semantic state; colour-independent evidence",Existing smoke/unit suites + uiux-review; per-state browser evidence pending,Source owner reviewed; shared tokens applied; interaction/state verification pending,Static source discovery only
Global / shared / route ownership pending runtime inventory,id,#pwDataSetupSurface,web/assets/precision-workbench.js,Preserve existing action/value/state,Shared native controls/surface/type tokens,"Retain IDs, handlers, options and source bytes","Empty, loaded, busy, stale, error, partial; conditional runtime review required","Name, keyboard, visible focus, semantic state; colour-independent evidence",Existing smoke/unit suites + uiux-review; per-state browser evidence pending,Source owner reviewed; shared tokens applied; interaction/state verification pending,Static source discovery only
Global / shared / route ownership pending runtime inventory,id,#pwFocusToggle,web/assets/precision-workbench.js,Preserve existing action/value/state,Shared native controls/surface/type tokens,"Retain IDs, handlers, options and source bytes","Empty, loaded, busy, stale, error, partial; conditional runtime review required","Name, keyboard, visible focus, semantic state; colour-independent evidence",Existing smoke/unit suites + uiux-review; per-state browser evidence pending,Source owner reviewed; shared tokens applied; interaction/state verification pending,Static source discovery only
Global / shared / route ownership pending runtime inventory,id,#pwHealthSummaryBody,web/assets/precision-workbench.js,Preserve existing action/value/state,Shared native controls/surface/type tokens,"Retain IDs, handlers, options and source bytes","Empty, loaded, busy, stale, error, partial; conditional runtime review required","Name, keyboard, visible focus, semantic state; colour-independent evidence",Existing smoke/unit suites + uiux-review; per-state browser evidence pending,Source owner reviewed; shared tokens applied; interaction/state verification pending,Static source discovery only
Global / shared / route ownership pending runtime inventory,id,#pwHealthSummaryEmpty,web/assets/precision-workbench.js,Preserve existing action/value/state,Shared native controls/surface/type tokens,"Retain IDs, handlers, options and source bytes","Empty, loaded, busy, stale, error, partial; conditional runtime review required","Name, keyboard, visible focus, semantic state; colour-independent evidence",Existing smoke/unit suites + uiux-review; per-state browser evidence pending,Source owner reviewed; shared tokens applied; interaction/state verification pending,Static source discovery only
Global / shared / route ownership pending runtime inventory,id,#pwInspector,web/assets/precision-workbench.js,Preserve existing action/value/state,Shared native controls/surface/type tokens,"Retain IDs, handlers, options and source bytes","Empty, loaded, busy, stale, error, partial; conditional runtime review required","Name, keyboard, visible focus, semantic state; colour-independent evidence",Existing smoke/unit suites + uiux-review; per-state browser evidence pending,Source owner reviewed; shared tokens applied; interaction/state verification pending,Static source discovery only
Global / shared / route ownership pending runtime inventory,id,#pwInspectorBody,web/assets/precision-workbench.js,Preserve existing action/value/state,Shared native controls/surface/type tokens,"Retain IDs, handlers, options and source bytes","Empty, loaded, busy, stale, error, partial; conditional runtime review required","Name, keyboard, visible focus, semantic state; colour-independent evidence",Existing smoke/unit suites + uiux-review; per-state browser evidence pending,Source owner reviewed; shared tokens applied; interaction/state verification pending,Static source discovery only
Global / shared / route ownership pending runtime inventory,id,#pwInspectorClose,web/assets/precision-workbench.js,Preserve existing action/value/state,Shared native controls/surface/type tokens,"Retain IDs, handlers, options and source bytes","Empty, loaded, busy, stale, error, partial; conditional runtime review required","Name, keyboard, visible focus, semantic state; colour-independent evidence",Existing smoke/unit suites + uiux-review; per-state browser evidence pending,Source owner reviewed; shared tokens applied; interaction/state verification pending,Static source discovery only
Global / shared / route ownership pending runtime inventory,id,#pwInspectorSubtitle,web/assets/precision-workbench.js,Preserve existing action/value/state,Shared native controls/surface/type tokens,"Retain IDs, handlers, options and source bytes","Empty, loaded, busy, stale, error, partial; conditional runtime review required","Name, keyboard, visible focus, semantic state; colour-independent evidence",Existing smoke/unit suites + uiux-review; per-state browser evidence pending,Source owner reviewed; shared tokens applied; interaction/state verification pending,Static source discovery only
Global / shared / route ownership pending runtime inventory,id,#pwInspectorToggle,web/assets/precision-workbench.js,Preserve existing action/value/state,Shared native controls/surface/type tokens,"Retain IDs, handlers, options and source bytes","Empty, loaded, busy, stale, error, partial; conditional runtime review required","Name, keyboard, visible focus, semantic state; colour-independent evidence",Existing smoke/unit suites + uiux-review; per-state browser evidence pending,Source owner reviewed; shared tokens applied; interaction/state verification pending,Static source discovery only
Global / shared / route ownership pending runtime inventory,id,#pwNavigation,web/assets/precision-workbench.js,Preserve existing action/value/state,Shared native controls/surface/type tokens,"Retain IDs, handlers, options and source bytes","Empty, loaded, busy, stale, error, partial; conditional runtime review required","Name, keyboard, visible focus, semantic state; colour-independent evidence",Existing smoke/unit suites + uiux-review; per-state browser evidence pending,Source owner reviewed; shared tokens applied; interaction/state verification pending,Static source discovery only
Global / shared / route ownership pending runtime inventory,id,#pwPageDescription,web/assets/precision-workbench.js,Preserve existing action/value/state,Shared native controls/surface/type tokens,"Retain IDs, handlers, options and source bytes","Empty, loaded, busy, stale, error, partial; conditional runtime review required","Name, keyboard, visible focus, semantic state; colour-independent evidence",Existing smoke/unit suites + uiux-review; per-state browser evidence pending,Source owner reviewed; shared tokens applied; interaction/state verification pending,Static source discovery only
Global / shared / route ownership pending runtime inventory,id,#pwPageTitle,web/assets/precision-workbench.js,Preserve existing action/value/state,Shared native controls/surface/type tokens,"Retain IDs, handlers, options and source bytes","Empty, loaded, busy, stale, error, partial; conditional runtime review required","Name, keyboard, visible focus, semantic state; colour-independent evidence",Existing smoke/unit suites + uiux-review; per-state browser evidence pending,Source owner reviewed; shared tokens applied; interaction/state verification pending,Static source discovery only
Global / shared / route ownership pending runtime inventory,id,#pwRailToggle,web/assets/precision-workbench.js,Preserve existing action/value/state,Shared native controls/surface/type tokens,"Retain IDs, handlers, options and source bytes","Empty, loaded, busy, stale, error, partial; conditional runtime review required","Name, keyboard, visible focus, semantic state; colour-independent evidence",Existing smoke/unit suites + uiux-review; per-state browser evidence pending,Source owner reviewed; shared tokens applied; interaction/state verification pending,Static source discovery only
Global / shared / route ownership pending runtime inventory,id,#pwReportOptions,web/assets/precision-workbench.js,Preserve existing action/value/state,Shared native controls/surface/type tokens,"Retain IDs, handlers, options and source bytes","Empty, loaded, busy, stale, error, partial; conditional runtime review required","Name, keyboard, visible focus, semantic state; colour-independent evidence",Existing smoke/unit suites + uiux-review; per-state browser evidence pending,Source owner reviewed; shared tokens applied; interaction/state verification pending,Static source discovery only
Global / shared / route ownership pending runtime inventory,id,#pwReportStatusMirror,web/assets/precision-workbench.js,Preserve existing action/value/state,Shared native controls/surface/type tokens,"Retain IDs, handlers, options and source bytes","Empty, loaded, busy, stale, error, partial; conditional runtime review required","Name, keyboard, visible focus, semantic state; colour-independent evidence",Existing smoke/unit suites + uiux-review; per-state browser evidence pending,Source owner reviewed; shared tokens applied; interaction/state verification pending,Static source discovery only
Global / shared / route ownership pending runtime inventory,id,#pwScenarioPicker,web/assets/precision-workbench.js,Preserve existing action/value/state,Shared native controls/surface/type tokens,"Retain IDs, handlers, options and source bytes","Empty, loaded, busy, stale, error, partial; conditional runtime review required","Name, keyboard, visible focus, semantic state; colour-independent evidence",Existing smoke/unit suites + uiux-review; per-state browser evidence pending,Source owner reviewed; shared tokens applied; interaction/state verification pending,Static source discovery only
Global / shared / route ownership pending runtime inventory,id,#pwSecondaryNav,web/assets/precision-workbench.js,Preserve existing action/value/state,Shared native controls/surface/type tokens,"Retain IDs, handlers, options and source bytes","Empty, loaded, busy, stale, error, partial; conditional runtime review required","Name, keyboard, visible focus, semantic state; colour-independent evidence",Existing smoke/unit suites + uiux-review; per-state browser evidence pending,Source owner reviewed; shared tokens applied; interaction/state verification pending,Static source discovery only
Global / shared / route ownership pending runtime inventory,id,#pwTimeSeriesEventSurface,web/assets/precision-workbench.js,Preserve existing action/value/state,Shared native controls/surface/type tokens,"Retain IDs, handlers, options and source bytes","Empty, loaded, busy, stale, error, partial; conditional runtime review required","Name, keyboard, visible focus, semantic state; colour-independent evidence",Existing smoke/unit suites + uiux-review; per-state browser evidence pending,Source owner reviewed; shared tokens applied; interaction/state verification pending,Static source discovery only
Global / shared / route ownership pending runtime inventory,id,#rainAxisMax,web/index.html,Preserve existing action/value/state,Shared native controls/surface/type tokens,"Retain IDs, handlers, options and source bytes","Empty, loaded, busy, stale, error, partial; conditional runtime review required","Name, keyboard, visible focus, semantic state; colour-independent evidence",Existing smoke/unit suites + uiux-review; per-state browser evidence pending,Source owner reviewed; shared tokens applied; interaction/state verification pending,Static source discovery only
Global / shared / route ownership pending runtime inventory,id,#rainColor,web/index.html,Preserve existing action/value/state,Shared native controls/surface/type tokens,"Retain IDs, handlers, options and source bytes","Empty, loaded, busy, stale, error, partial; conditional runtime review required","Name, keyboard, visible focus, semantic state; colour-independent evidence",Existing smoke/unit suites + uiux-review; per-state browser evidence pending,Source owner reviewed; shared tokens applied; interaction/state verification pending,Static source discovery only
Global / shared / route ownership pending runtime inventory,id,#rainCriteriaMode,web/index.html,Preserve existing action/value/state,Shared native controls/surface/type tokens,"Retain IDs, handlers, options and source bytes","Empty, loaded, busy, stale, error, partial; conditional runtime review required","Name, keyboard, visible focus, semantic state; colour-independent evidence",Existing smoke/unit suites + uiux-review; per-state browser evidence pending,Source owner reviewed; shared tokens applied; interaction/state verification pending,Static source discovery only
Global / shared / route ownership pending runtime inventory,id,#rainDryGap,web/index.html,Preserve existing action/value/state,Shared native controls/surface/type tokens,"Retain IDs, handlers, options and source bytes","Empty, loaded, busy, stale, error, partial; conditional runtime review required","Name, keyboard, visible focus, semantic state; colour-independent evidence",Existing smoke/unit suites + uiux-review; per-state browser evidence pending,Source owner reviewed; shared tokens applied; interaction/state verification pending,Static source discovery only
Global / shared / route ownership pending runtime inventory,id,#rainEventBody,web/index.html,Preserve existing action/value/state,Shared native controls/surface/type tokens,"Retain IDs, handlers, options and source bytes","Empty, loaded, busy, stale, error, partial; conditional runtime review required","Name, keyboard, visible focus, semantic state; colour-independent evidence",Existing smoke/unit suites + uiux-review; per-state browser evidence pending,Source owner reviewed; shared tokens applied; interaction/state verification pending,Static source discovery only
Global / shared / route ownership pending runtime inventory,id,#rainEventColor,web/index.html,Preserve existing action/value/state,Shared native controls/surface/type tokens,"Retain IDs, handlers, options and source bytes","Empty, loaded, busy, stale, error, partial; conditional runtime review required","Name, keyboard, visible focus, semantic state; colour-independent evidence",Existing smoke/unit suites + uiux-review; per-state browser evidence pending,Source owner reviewed; shared tokens applied; interaction/state verification pending,Static source discovery only
Global / shared / route ownership pending runtime inventory,id,#rainEventDuration,web/index.html,Preserve existing action/value/state,Shared native controls/surface/type tokens,"Retain IDs, handlers, options and source bytes","Empty, loaded, busy, stale, error, partial; conditional runtime review required","Name, keyboard, visible focus, semantic state; colour-independent evidence",Existing smoke/unit suites + uiux-review; per-state browser evidence pending,Source owner reviewed; shared tokens applied; interaction/state verification pending,Static source discovery only
Global / shared / route ownership pending runtime inventory,id,#rainEventSummary,web/index.html,Preserve existing action/value/state,Shared native controls/surface/type tokens,"Retain IDs, handlers, options and source bytes","Empty, loaded, busy, stale, error, partial; conditional runtime review required","Name, keyboard, visible focus, semantic state; colour-independent evidence",Existing smoke/unit suites + uiux-review; per-state browser evidence pending,Source owner reviewed; shared tokens applied; interaction/state verification pending,Static source discovery only
Global / shared / route ownership pending runtime inventory,id,#rainFactor,web/index.html,Preserve existing action/value/state,Shared native controls/surface/type tokens,"Retain IDs, handlers, options and source bytes","Empty, loaded, busy, stale, error, partial; conditional runtime review required","Name, keyboard, visible focus, semantic state; colour-independent evidence",Existing smoke/unit suites + uiux-review; per-state browser evidence pending,Source owner reviewed; shared tokens applied; interaction/state verification pending,Static source discovery only
Global / shared / route ownership pending runtime inventory,id,#rainIntensityDuration,web/index.html,Preserve existing action/value/state,Shared native controls/surface/type tokens,"Retain IDs, handlers, options and source bytes","Empty, loaded, busy, stale, error, partial; conditional runtime review required","Name, keyboard, visible focus, semantic state; colour-independent evidence",Existing smoke/unit suites + uiux-review; per-state browser evidence pending,Source owner reviewed; shared tokens applied; interaction/state verification pending,Static source discovery only
Global / shared / route ownership pending runtime inventory,id,#rainMinIntensity,web/index.html,Preserve existing action/value/state,Shared native controls/surface/type tokens,"Retain IDs, handlers, options and source bytes","Empty, loaded, busy, stale, error, partial; conditional runtime review required","Name, keyboard, visible focus, semantic state; colour-independent evidence",Existing smoke/unit suites + uiux-review; per-state browser evidence pending,Source owner reviewed; shared tokens applied; interaction/state verification pending,Static source discovery only
Global / shared / route ownership pending runtime inventory,id,#rainSelect,web/index.html,Preserve existing action/value/state,Shared native controls/surface/type tokens,"Retain IDs, handlers, options and source bytes","Empty, loaded, busy, stale, error, partial; conditional runtime review required","Name, keyboard, visible focus, semantic state; colour-independent evidence",Existing smoke/unit suites + uiux-review; per-state browser evidence pending,Source owner reviewed; shared tokens applied; interaction/state verification pending,Static source discovery only
Global / shared / route ownership pending runtime inventory,id,#rainTotalDepth,web/index.html,Preserve existing action/value/state,Shared native controls/surface/type tokens,"Retain IDs, handlers, options and source bytes","Empty, loaded, busy, stale, error, partial; conditional runtime review required","Name, keyboard, visible focus, semantic state; colour-independent evidence",Existing smoke/unit suites + uiux-review; per-state browser evidence pending,Source owner reviewed; shared tokens applied; interaction/state verification pending,Static source discovery only
Global / shared / route ownership pending runtime inventory,id,#ratingChart,web/index.html,Preserve existing action/value/state,Shared native controls/surface/type tokens,"Retain IDs, handlers, options and source bytes","Empty, loaded, busy, stale, error, partial; conditional runtime review required","Name, keyboard, visible focus, semantic state; colour-independent evidence",Existing smoke/unit suites + uiux-review; per-state browser evidence pending,Source owner reviewed; shared tokens applied; interaction/state verification pending,Static source discovery only
Global / shared / route ownership pending runtime inventory,id,#ratingModelDepth,web/index.html,Preserve existing action/value/state,Shared native controls/surface/type tokens,"Retain IDs, handlers, options and source bytes","Empty, loaded, busy, stale, error, partial; conditional runtime review required","Name, keyboard, visible focus, semantic state; colour-independent evidence",Existing smoke/unit suites + uiux-review; per-state browser evidence pending,Source owner reviewed; shared tokens applied; interaction/state verification pending,Static source discovery only
Global / shared / route ownership pending runtime inventory,id,#ratingModelDepthUnit,web/index.html,Preserve existing action/value/state,Shared native controls/surface/type tokens,"Retain IDs, handlers, options and source bytes","Empty, loaded, busy, stale, error, partial; conditional runtime review required","Name, keyboard, visible focus, semantic state; colour-independent evidence",Existing smoke/unit suites + uiux-review; per-state browser evidence pending,Source owner reviewed; shared tokens applied; interaction/state verification pending,Static source discovery only
Global / shared / route ownership pending runtime inventory,id,#ratingModelFlow,web/index.html,Preserve existing action/value/state,Shared native controls/surface/type tokens,"Retain IDs, handlers, options and source bytes","Empty, loaded, busy, stale, error, partial; conditional runtime review required","Name, keyboard, visible focus, semantic state; colour-independent evidence",Existing smoke/unit suites + uiux-review; per-state browser evidence pending,Source owner reviewed; shared tokens applied; interaction/state verification pending,Static source discovery only
Global / shared / route ownership pending runtime inventory,id,#ratingModelFlowUnit,web/index.html,Preserve existing action/value/state,Shared native controls/surface/type tokens,"Retain IDs, handlers, options and source bytes","Empty, loaded, busy, stale, error, partial; conditional runtime review required","Name, keyboard, visible focus, semantic state; colour-independent evidence",Existing smoke/unit suites + uiux-review; per-state browser evidence pending,Source owner reviewed; shared tokens applied; interaction/state verification pending,Static source discovery only
Global / shared / route ownership pending runtime inventory,id,#ratingObsDepth,web/index.html,Preserve existing action/value/state,Shared native controls/surface/type tokens,"Retain IDs, handlers, options and source bytes","Empty, loaded, busy, stale, error, partial; conditional runtime review required","Name, keyboard, visible focus, semantic state; colour-independent evidence",Existing smoke/unit suites + uiux-review; per-state browser evidence pending,Source owner reviewed; shared tokens applied; interaction/state verification pending,Static source discovery only
Global / shared / route ownership pending runtime inventory,id,#ratingObsDepthUnit,web/index.html,Preserve existing action/value/state,Shared native controls/surface/type tokens,"Retain IDs, handlers, options and source bytes","Empty, loaded, busy, stale, error, partial; conditional runtime review required","Name, keyboard, visible focus, semantic state; colour-independent evidence",Existing smoke/unit suites + uiux-review; per-state browser evidence pending,Source owner reviewed; shared tokens applied; interaction/state verification pending,Static source discovery only
Global / shared / route ownership pending runtime inventory,id,#ratingObsFlow,web/index.html,Preserve existing action/value/state,Shared native controls/surface/type tokens,"Retain IDs, handlers, options and source bytes","Empty, loaded, busy, stale, error, partial; conditional runtime review required","Name, keyboard, visible focus, semantic state; colour-independent evidence",Existing smoke/unit suites + uiux-review; per-state browser evidence pending,Source owner reviewed; shared tokens applied; interaction/state verification pending,Static source discovery only
Global / shared / route ownership pending runtime inventory,id,#ratingObsFlowUnit,web/index.html,Preserve existing action/value/state,Shared native controls/surface/type tokens,"Retain IDs, handlers, options and source bytes","Empty, loaded, busy, stale, error, partial; conditional runtime review required","Name, keyboard, visible focus, semantic state; colour-independent evidence",Existing smoke/unit suites + uiux-review; per-state browser evidence pending,Source owner reviewed; shared tokens applied; interaction/state verification pending,Static source discovery only
Global / shared / route ownership pending runtime inventory,id,#ratingSummary,web/index.html,Preserve existing action/value/state,Shared native controls/surface/type tokens,"Retain IDs, handlers, options and source bytes","Empty, loaded, busy, stale, error, partial; conditional runtime review required","Name, keyboard, visible focus, semantic state; colour-independent evidence",Existing smoke/unit suites + uiux-review; per-state browser evidence pending,Source owner reviewed; shared tokens applied; interaction/state verification pending,Static source discovery only
Global / shared / route ownership pending runtime inventory,id,#refreshCumulativeRainBtn,web/assets/workbench-v3.js,Preserve existing action/value/state,Shared native controls/surface/type tokens,"Retain IDs, handlers, options and source bytes","Empty, loaded, busy, stale, error, partial; conditional runtime review required","Name, keyboard, visible focus, semantic state; colour-independent evidence",Existing smoke/unit suites + uiux-review; per-state browser evidence pending,Source owner reviewed; shared tokens applied; interaction/state verification pending,Static source discovery only
Global / shared / route ownership pending runtime inventory,id,#refreshGraphBtn,web/index.html,Preserve existing action/value/state,Shared native controls/surface/type tokens,"Retain IDs, handlers, options and source bytes","Empty, loaded, busy, stale, error, partial; conditional runtime review required","Name, keyboard, visible focus, semantic state; colour-independent evidence",Existing smoke/unit suites + uiux-review; per-state browser evidence pending,Source owner reviewed; shared tokens applied; interaction/state verification pending,Static source discovery only
Global / shared / route ownership pending runtime inventory,id,#reportIncludeComparison,web/assets/precision-workbench.js,Preserve existing action/value/state,Shared native controls/surface/type tokens,"Retain IDs, handlers, options and source bytes","Empty, loaded, busy, stale, error, partial; conditional runtime review required","Name, keyboard, visible focus, semantic state; colour-independent evidence",Existing smoke/unit suites + uiux-review; per-state browser evidence pending,Source owner reviewed; shared tokens applied; interaction/state verification pending,Static source discovery only
Global / shared / route ownership pending runtime inventory,id,#reportIncludeSpillsStorage,web/assets/precision-workbench.js,Preserve existing action/value/state,Shared native controls/surface/type tokens,"Retain IDs, handlers, options and source bytes","Empty, loaded, busy, stale, error, partial; conditional runtime review required","Name, keyboard, visible focus, semantic state; colour-independent evidence",Existing smoke/unit suites + uiux-review; per-state browser evidence pending,Source owner reviewed; shared tokens applied; interaction/state verification pending,Static source discovery only
Global / shared / route ownership pending runtime inventory,id,#reportIncludeSurvey,web/assets/precision-workbench.js,Preserve existing action/value/state,Shared native controls/surface/type tokens,"Retain IDs, handlers, options and source bytes","Empty, loaded, busy, stale, error, partial; conditional runtime review required","Name, keyboard, visible focus, semantic state; colour-independent evidence",Existing smoke/unit suites + uiux-review; per-state browser evidence pending,Source owner reviewed; shared tokens applied; interaction/state verification pending,Static source discovery only
Global / shared / route ownership pending runtime inventory,id,#reportIncludeTimeSeries,web/assets/precision-workbench.js,Preserve existing action/value/state,Shared native controls/surface/type tokens,"Retain IDs, handlers, options and source bytes","Empty, loaded, busy, stale, error, partial; conditional runtime review required","Name, keyboard, visible focus, semantic state; colour-independent evidence",Existing smoke/unit suites + uiux-review; per-state browser evidence pending,Source owner reviewed; shared tokens applied; interaction/state verification pending,Static source discovery only
Global / shared / route ownership pending runtime inventory,id,#reportPreflight,web/index.html,Preserve existing action/value/state,Shared native controls/surface/type tokens,"Retain IDs, handlers, options and source bytes","Empty, loaded, busy, stale, error, partial; conditional runtime review required","Name, keyboard, visible focus, semantic state; colour-independent evidence",Existing smoke/unit suites + uiux-review; per-state browser evidence pending,Source owner reviewed; shared tokens applied; interaction/state verification pending,Static source discovery only
Global / shared / route ownership pending runtime inventory,id,#reportReadinessGrid,web/index.html,Preserve existing action/value/state,Shared native controls/surface/type tokens,"Retain IDs, handlers, options and source bytes","Empty, loaded, busy, stale, error, partial; conditional runtime review required","Name, keyboard, visible focus, semantic state; colour-independent evidence",Existing smoke/unit suites + uiux-review; per-state browser evidence pending,Source owner reviewed; shared tokens applied; interaction/state verification pending,Static source discovery only
Global / shared / route ownership pending runtime inventory,id,#reportScatterScale,web/assets/precision-workbench.js,Preserve existing action/value/state,Shared native controls/surface/type tokens,"Retain IDs, handlers, options and source bytes","Empty, loaded, busy, stale, error, partial; conditional runtime review required","Name, keyboard, visible focus, semantic state; colour-independent evidence",Existing smoke/unit suites + uiux-review; per-state browser evidence pending,Source owner reviewed; shared tokens applied; interaction/state verification pending,Static source discovery only
Global / shared / route ownership pending runtime inventory,id,#reportScenarioSelect,web/assets/precision-workbench.js,Preserve existing action/value/state,Shared native controls/surface/type tokens,"Retain IDs, handlers, options and source bytes","Empty, loaded, busy, stale, error, partial; conditional runtime review required","Name, keyboard, visible focus, semantic state; colour-independent evidence",Existing smoke/unit suites + uiux-review; per-state browser evidence pending,Source owner reviewed; shared tokens applied; interaction/state verification pending,Static source discovery only
Global / shared / route ownership pending runtime inventory,id,#reportYear,web/index.html,Preserve existing action/value/state,Shared native controls/surface/type tokens,"Retain IDs, handlers, options and source bytes","Empty, loaded, busy, stale, error, partial; conditional runtime review required","Name, keyboard, visible focus, semantic state; colour-independent evidence",Existing smoke/unit suites + uiux-review; per-state browser evidence pending,Source owner reviewed; shared tokens applied; interaction/state verification pending,Static source discovery only
Global / shared / route ownership pending runtime inventory,id,#residualChart,web/index.html,Preserve existing action/value/state,Shared native controls/surface/type tokens,"Retain IDs, handlers, options and source bytes","Empty, loaded, busy, stale, error, partial; conditional runtime review required","Name, keyboard, visible focus, semantic state; colour-independent evidence",Existing smoke/unit suites + uiux-review; per-state browser evidence pending,Source owner reviewed; shared tokens applied; interaction/state verification pending,Static source discovery only
Global / shared / route ownership pending runtime inventory,id,#reviewNotes,web/index.html,Preserve existing action/value/state,Shared native controls/surface/type tokens,"Retain IDs, handlers, options and source bytes","Empty, loaded, busy, stale, error, partial; conditional runtime review required","Name, keyboard, visible focus, semantic state; colour-independent evidence",Existing smoke/unit suites + uiux-review; per-state browser evidence pending,Source owner reviewed; shared tokens applied; interaction/state verification pending,Static source discovery only
Global / shared / route ownership pending runtime inventory,id,#runCompareBtn,web/index.html,Preserve existing action/value/state,Shared native controls/surface/type tokens,"Retain IDs, handlers, options and source bytes","Empty, loaded, busy, stale, error, partial; conditional runtime review required","Name, keyboard, visible focus, semantic state; colour-independent evidence",Existing smoke/unit suites + uiux-review; per-state browser evidence pending,Source owner reviewed; shared tokens applied; interaction/state verification pending,Static source discovery only
Flow Survey / Monthly Review,id,#runCompleteSurveyBtn,web/assets/workbench-survey.js,Preserve existing action/value/state,Shared native controls/surface/type tokens,"Retain IDs, handlers, options and source bytes","Empty, loaded, busy, stale, error, partial; conditional runtime review required","Name, keyboard, visible focus, semantic state; colour-independent evidence",Existing smoke/unit suites + uiux-review; per-state browser evidence pending,Source owner reviewed; shared tokens applied; interaction/state verification pending,Static source discovery only
Detriment,id,#runDetrimentBtn,web/assets/detriment-workspace.js,Preserve existing action/value/state,Shared native controls/surface/type tokens,"Retain IDs, handlers, options and source bytes","Empty, loaded, busy, stale, error, partial; conditional runtime review required","Name, keyboard, visible focus, semantic state; colour-independent evidence",Existing smoke/unit suites + uiux-review; per-state browser evidence pending,Source owner reviewed; shared tokens applied; interaction/state verification pending,Static source discovery only
Global / shared / route ownership pending runtime inventory,id,#runDwfBtn,web/index.html,Preserve existing action/value/state,Shared native controls/surface/type tokens,"Retain IDs, handlers, options and source bytes","Empty, loaded, busy, stale, error, partial; conditional runtime review required","Name, keyboard, visible focus, semantic state; colour-independent evidence",Existing smoke/unit suites + uiux-review; per-state browser evidence pending,Source owner reviewed; shared tokens applied; interaction/state verification pending,Static source discovery only
Global / shared / route ownership pending runtime inventory,id,#runHealthBtn,web/index.html,Preserve existing action/value/state,Shared native controls/surface/type tokens,"Retain IDs, handlers, options and source bytes","Empty, loaded, busy, stale, error, partial; conditional runtime review required","Name, keyboard, visible focus, semantic state; colour-independent evidence",Existing smoke/unit suites + uiux-review; per-state browser evidence pending,Source owner reviewed; shared tokens applied; interaction/state verification pending,Static source discovery only
Global / shared / route ownership pending runtime inventory,id,#runProfessionalSurveyBtn,web/index.html,Preserve existing action/value/state,Shared native controls/surface/type tokens,"Retain IDs, handlers, options and source bytes","Empty, loaded, busy, stale, error, partial; conditional runtime review required","Name, keyboard, visible focus, semantic state; colour-independent evidence",Existing smoke/unit suites + uiux-review; per-state browser evidence pending,Source owner reviewed; shared tokens applied; interaction/state verification pending,Static source discovery only
Global / shared / route ownership pending runtime inventory,id,#runRainEventsBtn,web/index.html,Preserve existing action/value/state,Shared native controls/surface/type tokens,"Retain IDs, handlers, options and source bytes","Empty, loaded, busy, stale, error, partial; conditional runtime review required","Name, keyboard, visible focus, semantic state; colour-independent evidence",Existing smoke/unit suites + uiux-review; per-state browser evidence pending,Source owner reviewed; shared tokens applied; interaction/state verification pending,Static source discovery only
Global / shared / route ownership pending runtime inventory,id,#runRatingBtn,web/index.html,Preserve existing action/value/state,Shared native controls/surface/type tokens,"Retain IDs, handlers, options and source bytes","Empty, loaded, busy, stale, error, partial; conditional runtime review required","Name, keyboard, visible focus, semantic state; colour-independent evidence",Existing smoke/unit suites + uiux-review; per-state browser evidence pending,Source owner reviewed; shared tokens applied; interaction/state verification pending,Static source discovery only
Global / shared / route ownership pending runtime inventory,id,#runSpillsBtn,web/index.html,Preserve existing action/value/state,Shared native controls/surface/type tokens,"Retain IDs, handlers, options and source bytes","Empty, loaded, busy, stale, error, partial; conditional runtime review required","Name, keyboard, visible focus, semantic state; colour-independent evidence",Existing smoke/unit suites + uiux-review; per-state browser evidence pending,Source owner reviewed; shared tokens applied; interaction/state verification pending,Static source discovery only
Global / shared / route ownership pending runtime inventory,id,#runStorageBtn,web/index.html,Preserve existing action/value/state,Shared native controls/surface/type tokens,"Retain IDs, handlers, options and source bytes","Empty, loaded, busy, stale, error, partial; conditional runtime review required","Name, keyboard, visible focus, semantic state; colour-independent evidence",Existing smoke/unit suites + uiux-review; per-state browser evidence pending,Source owner reviewed; shared tokens applied; interaction/state verification pending,Static source discovery only
Flow Survey / Monthly Review,id,#runSurveyBalanceBtn,web/assets/workbench-survey.js,Preserve existing action/value/state,Shared native controls/surface/type tokens,"Retain IDs, handlers, options and source bytes","Empty, loaded, busy, stale, error, partial; conditional runtime review required","Name, keyboard, visible focus, semantic state; colour-independent evidence",Existing smoke/unit suites + uiux-review; per-state browser evidence pending,Source owner reviewed; shared tokens applied; interaction/state verification pending,Static source discovery only
Global / shared / route ownership pending runtime inventory,id,#saveNamedWorkspaceBtn,web/index.html,Preserve existing action/value/state,Shared native controls/surface/type tokens,"Retain IDs, handlers, options and source bytes","Empty, loaded, busy, stale, error, partial; conditional runtime review required","Name, keyboard, visible focus, semantic state; colour-independent evidence",Existing smoke/unit suites + uiux-review; per-state browser evidence pending,Source owner reviewed; shared tokens applied; interaction/state verification pending,Static source discovery only
Global / shared / route ownership pending runtime inventory,id,#scatterChart,web/index.html,Preserve existing action/value/state,Shared native controls/surface/type tokens,"Retain IDs, handlers, options and source bytes","Empty, loaded, busy, stale, error, partial; conditional runtime review required","Name, keyboard, visible focus, semantic state; colour-independent evidence",Existing smoke/unit suites + uiux-review; per-state browser evidence pending,Source owner reviewed; shared tokens applied; interaction/state verification pending,Static source discovery only
Global / shared / route ownership pending runtime inventory,id,#scatterScale,web/index.html,Preserve existing action/value/state,Shared native controls/surface/type tokens,"Retain IDs, handlers, options and source bytes","Empty, loaded, busy, stale, error, partial; conditional runtime review required","Name, keyboard, visible focus, semantic state; colour-independent evidence",Existing smoke/unit suites + uiux-review; per-state browser evidence pending,Source owner reviewed; shared tokens applied; interaction/state verification pending,Static source discovery only
Global / shared / route ownership pending runtime inventory,id,#scenarioBody,web/index.html,Preserve existing action/value/state,Shared native controls/surface/type tokens,"Retain IDs, handlers, options and source bytes","Empty, loaded, busy, stale, error, partial; conditional runtime review required","Name, keyboard, visible focus, semantic state; colour-independent evidence",Existing smoke/unit suites + uiux-review; per-state browser evidence pending,Source owner reviewed; shared tokens applied; interaction/state verification pending,Static source discovery only
Global / shared / route ownership pending runtime inventory,id,#scenarioComparisonTable,web/index.html,Preserve existing action/value/state,Shared native controls/surface/type tokens,"Retain IDs, handlers, options and source bytes","Empty, loaded, busy, stale, error, partial; conditional runtime review required","Name, keyboard, visible focus, semantic state; colour-independent evidence",Existing smoke/unit suites + uiux-review; per-state browser evidence pending,Source owner reviewed; shared tokens applied; interaction/state verification pending,Static source discovery only
Global / shared / route ownership pending runtime inventory,id,#seriesSemanticsPanel,web/index.html,Preserve existing action/value/state,Shared native controls/surface/type tokens,"Retain IDs, handlers, options and source bytes","Empty, loaded, busy, stale, error, partial; conditional runtime review required","Name, keyboard, visible focus, semantic state; colour-independent evidence",Existing smoke/unit suites + uiux-review; per-state browser evidence pending,Source owner reviewed; shared tokens applied; interaction/state verification pending,Static source discovery only
Global / shared / route ownership pending runtime inventory,id,#seriesSemanticsRows,web/index.html,Preserve existing action/value/state,Shared native controls/surface/type tokens,"Retain IDs, handlers, options and source bytes","Empty, loaded, busy, stale, error, partial; conditional runtime review required","Name, keyboard, visible focus, semantic state; colour-independent evidence",Existing smoke/unit suites + uiux-review; per-state browser evidence pending,Source owner reviewed; shared tokens applied; interaction/state verification pending,Static source discovery only
Flow Survey / Monthly Review,id,#sharedAnalysisActions,web/assets/workbench-survey.js,Preserve existing action/value/state,Shared native controls/surface/type tokens,"Retain IDs, handlers, options and source bytes","Empty, loaded, busy, stale, error, partial; conditional runtime review required","Name, keyboard, visible focus, semantic state; colour-independent evidence",Existing smoke/unit suites + uiux-review; per-state browser evidence pending,Source owner reviewed; shared tokens applied; interaction/state verification pending,Static source discovery only
Flow Survey / Monthly Review,id,#sharedAnalysisInputs,web/assets/workbench-survey.js,Preserve existing action/value/state,Shared native controls/surface/type tokens,"Retain IDs, handlers, options and source bytes","Empty, loaded, busy, stale, error, partial; conditional runtime review required","Name, keyboard, visible focus, semantic state; colour-independent evidence",Existing smoke/unit suites + uiux-review; per-state browser evidence pending,Source owner reviewed; shared tokens applied; interaction/state verification pending,Static source discovery only
Global / shared / route ownership pending runtime inventory,id,#showEventOverlay,web/index.html,Preserve existing action/value/state,Shared native controls/surface/type tokens,"Retain IDs, handlers, options and source bytes","Empty, loaded, busy, stale, error, partial; conditional runtime review required","Name, keyboard, visible focus, semantic state; colour-independent evidence",Existing smoke/unit suites + uiux-review; per-state browser evidence pending,Source owner reviewed; shared tokens applied; interaction/state verification pending,Static source discovery only
Global / shared / route ownership pending runtime inventory,id,#showGraphModelThreshold,web/assets/workbench-v2.js,Preserve existing action/value/state,Shared native controls/surface/type tokens,"Retain IDs, handlers, options and source bytes","Empty, loaded, busy, stale, error, partial; conditional runtime review required","Name, keyboard, visible focus, semantic state; colour-independent evidence",Existing smoke/unit suites + uiux-review; per-state browser evidence pending,Source owner reviewed; shared tokens applied; interaction/state verification pending,Static source discovery only
Global / shared / route ownership pending runtime inventory,id,#showGraphObsThreshold,web/assets/workbench-v2.js,Preserve existing action/value/state,Shared native controls/surface/type tokens,"Retain IDs, handlers, options and source bytes","Empty, loaded, busy, stale, error, partial; conditional runtime review required","Name, keyboard, visible focus, semantic state; colour-independent evidence",Existing smoke/unit suites + uiux-review; per-state browser evidence pending,Source owner reviewed; shared tokens applied; interaction/state verification pending,Static source discovery only
Global / shared / route ownership pending runtime inventory,id,#spillComparison,web/index.html,Preserve existing action/value/state,Shared native controls/surface/type tokens,"Retain IDs, handlers, options and source bytes","Empty, loaded, busy, stale, error, partial; conditional runtime review required","Name, keyboard, visible focus, semantic state; colour-independent evidence",Existing smoke/unit suites + uiux-review; per-state browser evidence pending,Source owner reviewed; shared tokens applied; interaction/state verification pending,Static source discovery only
Global / shared / route ownership pending runtime inventory,id,#spillModelSelect,web/assets/workbench-v2.js,Preserve existing action/value/state,Shared native controls/surface/type tokens,"Retain IDs, handlers, options and source bytes","Empty, loaded, busy, stale, error, partial; conditional runtime review required","Name, keyboard, visible focus, semantic state; colour-independent evidence",Existing smoke/unit suites + uiux-review; per-state browser evidence pending,Source owner reviewed; shared tokens applied; interaction/state verification pending,Static source discovery only
Global / shared / route ownership pending runtime inventory,id,#storageBody,web/index.html,Preserve existing action/value/state,Shared native controls/surface/type tokens,"Retain IDs, handlers, options and source bytes","Empty, loaded, busy, stale, error, partial; conditional runtime review required","Name, keyboard, visible focus, semantic state; colour-independent evidence",Existing smoke/unit suites + uiux-review; per-state browser evidence pending,Source owner reviewed; shared tokens applied; interaction/state verification pending,Static source discovery only
Global / shared / route ownership pending runtime inventory,id,#storageCalendarVolume,web/index.html,Preserve existing action/value/state,Shared native controls/surface/type tokens,"Retain IDs, handlers, options and source bytes","Empty, loaded, busy, stale, error, partial; conditional runtime review required","Name, keyboard, visible focus, semantic state; colour-independent evidence",Existing smoke/unit suites + uiux-review; per-state browser evidence pending,Source owner reviewed; shared tokens applied; interaction/state verification pending,Static source discovery only
Global / shared / route ownership pending runtime inventory,id,#storageFlowSelect,web/index.html,Preserve existing action/value/state,Shared native controls/surface/type tokens,"Retain IDs, handlers, options and source bytes","Empty, loaded, busy, stale, error, partial; conditional runtime review required","Name, keyboard, visible focus, semantic state; colour-independent evidence",Existing smoke/unit suites + uiux-review; per-state browser evidence pending,Source owner reviewed; shared tokens applied; interaction/state verification pending,Static source discovery only
Global / shared / route ownership pending runtime inventory,id,#storageFlowUnit,web/index.html,Preserve existing action/value/state,Shared native controls/surface/type tokens,"Retain IDs, handlers, options and source bytes","Empty, loaded, busy, stale, error, partial; conditional runtime review required","Name, keyboard, visible focus, semantic state; colour-independent evidence",Existing smoke/unit suites + uiux-review; per-state browser evidence pending,Source owner reviewed; shared tokens applied; interaction/state verification pending,Static source discovery only
Global / shared / route ownership pending runtime inventory,id,#storageLevelSelect,web/index.html,Preserve existing action/value/state,Shared native controls/surface/type tokens,"Retain IDs, handlers, options and source bytes","Empty, loaded, busy, stale, error, partial; conditional runtime review required","Name, keyboard, visible focus, semantic state; colour-independent evidence",Existing smoke/unit suites + uiux-review; per-state browser evidence pending,Source owner reviewed; shared tokens applied; interaction/state verification pending,Static source discovery only
Global / shared / route ownership pending runtime inventory,id,#storageLevelUnit,web/index.html,Preserve existing action/value/state,Shared native controls/surface/type tokens,"Retain IDs, handlers, options and source bytes","Empty, loaded, busy, stale, error, partial; conditional runtime review required","Name, keyboard, visible focus, semantic state; colour-independent evidence",Existing smoke/unit suites + uiux-review; per-state browser evidence pending,Source owner reviewed; shared tokens applied; interaction/state verification pending,Static source discovery only
Global / shared / route ownership pending runtime inventory,id,#storageSummary,web/index.html,Preserve existing action/value/state,Shared native controls/surface/type tokens,"Retain IDs, handlers, options and source bytes","Empty, loaded, busy, stale, error, partial; conditional runtime review required","Name, keyboard, visible focus, semantic state; colour-independent evidence",Existing smoke/unit suites + uiux-review; per-state browser evidence pending,Source owner reviewed; shared tokens applied; interaction/state verification pending,Static source discovery only
Global / shared / route ownership pending runtime inventory,id,#storageThreshold,web/index.html,Preserve existing action/value/state,Shared native controls/surface/type tokens,"Retain IDs, handlers, options and source bytes","Empty, loaded, busy, stale, error, partial; conditional runtime review required","Name, keyboard, visible focus, semantic state; colour-independent evidence",Existing smoke/unit suites + uiux-review; per-state browser evidence pending,Source owner reviewed; shared tokens applied; interaction/state verification pending,Static source discovery only
Global / shared / route ownership pending runtime inventory,id,#storageThresholdUnit,web/index.html,Preserve existing action/value/state,Shared native controls/surface/type tokens,"Retain IDs, handlers, options and source bytes","Empty, loaded, busy, stale, error, partial; conditional runtime review required","Name, keyboard, visible focus, semantic state; colour-independent evidence",Existing smoke/unit suites + uiux-review; per-state browser evidence pending,Source owner reviewed; shared tokens applied; interaction/state verification pending,Static source discovery only
Global / shared / route ownership pending runtime inventory,id,#surveyApplyFaultCutoff,web/index.html,Preserve existing action/value/state,Shared native controls/surface/type tokens,"Retain IDs, handlers, options and source bytes","Empty, loaded, busy, stale, error, partial; conditional runtime review required","Name, keyboard, visible focus, semantic state; colour-independent evidence",Existing smoke/unit suites + uiux-review; per-state browser evidence pending,Source owner reviewed; shared tokens applied; interaction/state verification pending,Static source discovery only
Flow Survey / Monthly Review,id,#surveyAssessmentSettings,web/assets/workflow-26.js,Preserve existing action/value/state,Shared native controls/surface/type tokens,"Retain IDs, handlers, options and source bytes","Empty, loaded, busy, stale, error, partial; conditional runtime review required","Name, keyboard, visible focus, semantic state; colour-independent evidence",Existing smoke/unit suites + uiux-review; per-state browser evidence pending,Source owner reviewed; shared tokens applied; interaction/state verification pending,Static source discovery only
Flow Survey / Monthly Review,id,#surveyAssessmentSettingsBody,web/assets/workflow-26.js,Preserve existing action/value/state,Shared native controls/surface/type tokens,"Retain IDs, handlers, options and source bytes","Empty, loaded, busy, stale, error, partial; conditional runtime review required","Name, keyboard, visible focus, semantic state; colour-independent evidence",Existing smoke/unit suites + uiux-review; per-state browser evidence pending,Source owner reviewed; shared tokens applied; interaction/state verification pending,Static source discovery only
Flow Survey / Monthly Review,id,#surveyAssociationStatus,web/assets/workbench-survey.js,Preserve existing action/value/state,Shared native controls/surface/type tokens,"Retain IDs, handlers, options and source bytes","Empty, loaded, busy, stale, error, partial; conditional runtime review required","Name, keyboard, visible focus, semantic state; colour-independent evidence",Existing smoke/unit suites + uiux-review; per-state browser evidence pending,Source owner reviewed; shared tokens applied; interaction/state verification pending,Static source discovery only
Flow Survey / Monthly Review,id,#surveyAssociationSummary,web/assets/workbench-survey.js,Preserve existing action/value/state,Shared native controls/surface/type tokens,"Retain IDs, handlers, options and source bytes","Empty, loaded, busy, stale, error, partial; conditional runtime review required","Name, keyboard, visible focus, semantic state; colour-independent evidence",Existing smoke/unit suites + uiux-review; per-state browser evidence pending,Source owner reviewed; shared tokens applied; interaction/state verification pending,Static source discovery only
Flow Survey / Monthly Review,id,#surveyAssociationTable,web/assets/workbench-survey.js,Preserve existing action/value/state,Shared native controls/surface/type tokens,"Retain IDs, handlers, options and source bytes","Empty, loaded, busy, stale, error, partial; conditional runtime review required","Name, keyboard, visible focus, semantic state; colour-independent evidence",Existing smoke/unit suites + uiux-review; per-state browser evidence pending,Source owner reviewed; shared tokens applied; interaction/state verification pending,Static source discovery only
Flow Survey / Monthly Review,id,#surveyBalanceReviewDetail,web/assets/workflow-26.js,Preserve existing action/value/state,Shared native controls/surface/type tokens,"Retain IDs, handlers, options and source bytes","Empty, loaded, busy, stale, error, partial; conditional runtime review required","Name, keyboard, visible focus, semantic state; colour-independent evidence",Existing smoke/unit suites + uiux-review; per-state browser evidence pending,Source owner reviewed; shared tokens applied; interaction/state verification pending,Static source discovery only
Flow Survey / Monthly Review,id,#surveyBalanceReviewTable,web/assets/workflow-26.js,Preserve existing action/value/state,Shared native controls/surface/type tokens,"Retain IDs, handlers, options and source bytes","Empty, loaded, busy, stale, error, partial; conditional runtime review required","Name, keyboard, visible focus, semantic state; colour-independent evidence",Existing smoke/unit suites + uiux-review; per-state browser evidence pending,Source owner reviewed; shared tokens applied; interaction/state verification pending,Static source discovery only
Flow Survey / Monthly Review,id,#surveyBalanceSummary,web/assets/workbench-survey.js,Preserve existing action/value/state,Shared native controls/surface/type tokens,"Retain IDs, handlers, options and source bytes","Empty, loaded, busy, stale, error, partial; conditional runtime review required","Name, keyboard, visible focus, semantic state; colour-independent evidence",Existing smoke/unit suites + uiux-review; per-state browser evidence pending,Source owner reviewed; shared tokens applied; interaction/state verification pending,Static source discovery only
Flow Survey / Monthly Review,id,#surveyBalanceTable,web/assets/workbench-survey.js,Preserve existing action/value/state,Shared native controls/surface/type tokens,"Retain IDs, handlers, options and source bytes","Empty, loaded, busy, stale, error, partial; conditional runtime review required","Name, keyboard, visible focus, semantic state; colour-independent evidence",Existing smoke/unit suites + uiux-review; per-state browser evidence pending,Source owner reviewed; shared tokens applied; interaction/state verification pending,Static source discovery only
Flow Survey / Monthly Review,id,#surveyBalanceTolerance,web/assets/workbench-survey.js,Preserve existing action/value/state,Shared native controls/surface/type tokens,"Retain IDs, handlers, options and source bytes","Empty, loaded, busy, stale, error, partial; conditional runtime review required","Name, keyboard, visible focus, semantic state; colour-independent evidence",Existing smoke/unit suites + uiux-review; per-state browser evidence pending,Source owner reviewed; shared tokens applied; interaction/state verification pending,Static source discovery only
Global / shared / route ownership pending runtime inventory,id,#surveyDepthSelect,web/index.html,Preserve existing action/value/state,Shared native controls/surface/type tokens,"Retain IDs, handlers, options and source bytes","Empty, loaded, busy, stale, error, partial; conditional runtime review required","Name, keyboard, visible focus, semantic state; colour-independent evidence",Existing smoke/unit suites + uiux-review; per-state browser evidence pending,Source owner reviewed; shared tokens applied; interaction/state verification pending,Static source discovery only
Global / shared / route ownership pending runtime inventory,id,#surveyDepthUnit,web/index.html,Preserve existing action/value/state,Shared native controls/surface/type tokens,"Retain IDs, handlers, options and source bytes","Empty, loaded, busy, stale, error, partial; conditional runtime review required","Name, keyboard, visible focus, semantic state; colour-independent evidence",Existing smoke/unit suites + uiux-review; per-state browser evidence pending,Source owner reviewed; shared tokens applied; interaction/state verification pending,Static source discovery only
Flow Survey / Monthly Review,id,#surveyEventResponse,web/assets/workbench-survey.js,Preserve existing action/value/state,Shared native controls/surface/type tokens,"Retain IDs, handlers, options and source bytes","Empty, loaded, busy, stale, error, partial; conditional runtime review required","Name, keyboard, visible focus, semantic state; colour-independent evidence",Existing smoke/unit suites + uiux-review; per-state browser evidence pending,Source owner reviewed; shared tokens applied; interaction/state verification pending,Static source discovery only
Flow Survey / Monthly Review,id,#surveyEventReview,web/assets/workflow-26.js,Preserve existing action/value/state,Shared native controls/surface/type tokens,"Retain IDs, handlers, options and source bytes","Empty, loaded, busy, stale, error, partial; conditional runtime review required","Name, keyboard, visible focus, semantic state; colour-independent evidence",Existing smoke/unit suites + uiux-review; per-state browser evidence pending,Source owner reviewed; shared tokens applied; interaction/state verification pending,Static source discovery only
Global / shared / route ownership pending runtime inventory,id,#surveyFlowSelect,web/index.html,Preserve existing action/value/state,Shared native controls/surface/type tokens,"Retain IDs, handlers, options and source bytes","Empty, loaded, busy, stale, error, partial; conditional runtime review required","Name, keyboard, visible focus, semantic state; colour-independent evidence",Existing smoke/unit suites + uiux-review; per-state browser evidence pending,Source owner reviewed; shared tokens applied; interaction/state verification pending,Static source discovery only
Global / shared / route ownership pending runtime inventory,id,#surveyFlowUnit,web/index.html,Preserve existing action/value/state,Shared native controls/surface/type tokens,"Retain IDs, handlers, options and source bytes","Empty, loaded, busy, stale, error, partial; conditional runtime review required","Name, keyboard, visible focus, semantic state; colour-independent evidence",Existing smoke/unit suites + uiux-review; per-state browser evidence pending,Source owner reviewed; shared tokens applied; interaction/state verification pending,Static source discovery only
Flow Survey / Monthly Review,id,#surveyGaugeDetail,web/assets/workflow-26.js,Preserve existing action/value/state,Shared native controls/surface/type tokens,"Retain IDs, handlers, options and source bytes","Empty, loaded, busy, stale, error, partial; conditional runtime review required","Name, keyboard, visible focus, semantic state; colour-independent evidence",Existing smoke/unit suites + uiux-review; per-state browser evidence pending,Source owner reviewed; shared tokens applied; interaction/state verification pending,Static source discovery only
Flow Survey / Monthly Review,id,#surveyGaugeReview,web/assets/workflow-26.js,Preserve existing action/value/state,Shared native controls/surface/type tokens,"Retain IDs, handlers, options and source bytes","Empty, loaded, busy, stale, error, partial; conditional runtime review required","Name, keyboard, visible focus, semantic state; colour-independent evidence",Existing smoke/unit suites + uiux-review; per-state browser evidence pending,Source owner reviewed; shared tokens applied; interaction/state verification pending,Static source discovery only
Flow Survey / Monthly Review,id,#surveyMonthlyReview,web/assets/workflow-26.js,Preserve existing action/value/state,Shared native controls/surface/type tokens,"Retain IDs, handlers, options and source bytes","Empty, loaded, busy, stale, error, partial; conditional runtime review required","Name, keyboard, visible focus, semantic state; colour-independent evidence",Existing smoke/unit suites + uiux-review; per-state browser evidence pending,Source owner reviewed; shared tokens applied; interaction/state verification pending,Static source discovery only
Flow Survey / Monthly Review,id,#surveyMonthlyReviewBody,web/assets/workflow-26.js,Preserve existing action/value/state,Shared native controls/surface/type tokens,"Retain IDs, handlers, options and source bytes","Empty, loaded, busy, stale, error, partial; conditional runtime review required","Name, keyboard, visible focus, semantic state; colour-independent evidence",Existing smoke/unit suites + uiux-review; per-state browser evidence pending,Source owner reviewed; shared tokens applied; interaction/state verification pending,Static source discovery only
Flow Survey / Monthly Review,id,#surveyNetworkSchematic,web/assets/workbench-survey.js,Preserve existing action/value/state,Shared native controls/surface/type tokens,"Retain IDs, handlers, options and source bytes","Empty, loaded, busy, stale, error, partial; conditional runtime review required","Name, keyboard, visible focus, semantic state; colour-independent evidence",Existing smoke/unit suites + uiux-review; per-state browser evidence pending,Source owner reviewed; shared tokens applied; interaction/state verification pending,Static source discovery only
Global / shared / route ownership pending runtime inventory,id,#surveyPopulation,web/index.html,Preserve existing action/value/state,Shared native controls/surface/type tokens,"Retain IDs, handlers, options and source bytes","Empty, loaded, busy, stale, error, partial; conditional runtime review required","Name, keyboard, visible focus, semantic state; colour-independent evidence",Existing smoke/unit suites + uiux-review; per-state browser evidence pending,Source owner reviewed; shared tokens applied; interaction/state verification pending,Static source discovery only
Global / shared / route ownership pending runtime inventory,id,#surveyRainSelect,web/index.html,Preserve existing action/value/state,Shared native controls/surface/type tokens,"Retain IDs, handlers, options and source bytes","Empty, loaded, busy, stale, error, partial; conditional runtime review required","Name, keyboard, visible focus, semantic state; colour-independent evidence",Existing smoke/unit suites + uiux-review; per-state browser evidence pending,Source owner reviewed; shared tokens applied; interaction/state verification pending,Static source discovery only
Flow Survey / Monthly Review,id,#surveyRainfallSummary,web/assets/workflow-26.js,Preserve existing action/value/state,Shared native controls/surface/type tokens,"Retain IDs, handlers, options and source bytes","Empty, loaded, busy, stale, error, partial; conditional runtime review required","Name, keyboard, visible focus, semantic state; colour-independent evidence",Existing smoke/unit suites + uiux-review; per-state browser evidence pending,Source owner reviewed; shared tokens applied; interaction/state verification pending,Static source discovery only
Flow Survey / Monthly Review,id,#surveyRainfallTechnical,web/assets/workflow-26.js,Preserve existing action/value/state,Shared native controls/surface/type tokens,"Retain IDs, handlers, options and source bytes","Empty, loaded, busy, stale, error, partial; conditional runtime review required","Name, keyboard, visible focus, semantic state; colour-independent evidence",Existing smoke/unit suites + uiux-review; per-state browser evidence pending,Source owner reviewed; shared tokens applied; interaction/state verification pending,Static source discovery only
Flow Survey / Monthly Review,id,#surveyReviewActions,web/assets/workflow-26.js,Preserve existing action/value/state,Shared native controls/surface/type tokens,"Retain IDs, handlers, options and source bytes","Empty, loaded, busy, stale, error, partial; conditional runtime review required","Name, keyboard, visible focus, semantic state; colour-independent evidence",Existing smoke/unit suites + uiux-review; per-state browser evidence pending,Source owner reviewed; shared tokens applied; interaction/state verification pending,Static source discovery only
Flow Survey / Monthly Review,id,#surveyReviewReadiness,web/assets/workflow-26.js,Preserve existing action/value/state,Shared native controls/surface/type tokens,"Retain IDs, handlers, options and source bytes","Empty, loaded, busy, stale, error, partial; conditional runtime review required","Name, keyboard, visible focus, semantic state; colour-independent evidence",Existing smoke/unit suites + uiux-review; per-state browser evidence pending,Source owner reviewed; shared tokens applied; interaction/state verification pending,Static source discovery only
Global / shared / route ownership pending runtime inventory,id,#surveyVelocitySelect,web/index.html,Preserve existing action/value/state,Shared native controls/surface/type tokens,"Retain IDs, handlers, options and source bytes","Empty, loaded, busy, stale, error, partial; conditional runtime review required","Name, keyboard, visible focus, semantic state; colour-independent evidence",Existing smoke/unit suites + uiux-review; per-state browser evidence pending,Source owner reviewed; shared tokens applied; interaction/state verification pending,Static source discovery only
Global / shared / route ownership pending runtime inventory,id,#surveyVelocityUnit,web/index.html,Preserve existing action/value/state,Shared native controls/surface/type tokens,"Retain IDs, handlers, options and source bytes","Empty, loaded, busy, stale, error, partial; conditional runtime review required","Name, keyboard, visible focus, semantic state; colour-independent evidence",Existing smoke/unit suites + uiux-review; per-state browser evidence pending,Source owner reviewed; shared tokens applied; interaction/state verification pending,Static source discovery only
Global / shared / route ownership pending runtime inventory,id,#tab-about,web/assets/precision-workbench.js,Preserve existing action/value/state,Shared native controls/surface/type tokens,"Retain IDs, handlers, options and source bytes","Empty, loaded, busy, stale, error, partial; conditional runtime review required","Name, keyboard, visible focus, semantic state; colour-independent evidence",Existing smoke/unit suites + uiux-review; per-state browser evidence pending,Source owner reviewed; shared tokens applied; interaction/state verification pending,Static source discovery only
Global / shared / route ownership pending runtime inventory,id,#tab-compare,web/index.html,Preserve existing action/value/state,Shared native controls/surface/type tokens,"Retain IDs, handlers, options and source bytes","Empty, loaded, busy, stale, error, partial; conditional runtime review required","Name, keyboard, visible focus, semantic state; colour-independent evidence",Existing smoke/unit suites + uiux-review; per-state browser evidence pending,Source owner reviewed; shared tokens applied; interaction/state verification pending,Static source discovery only
Global / shared / route ownership pending runtime inventory,id,#tab-data-health,web/index.html,Preserve existing action/value/state,Shared native controls/surface/type tokens,"Retain IDs, handlers, options and source bytes","Empty, loaded, busy, stale, error, partial; conditional runtime review required","Name, keyboard, visible focus, semantic state; colour-independent evidence",Existing smoke/unit suites + uiux-review; per-state browser evidence pending,Source owner reviewed; shared tokens applied; interaction/state verification pending,Static source discovery only
Detriment,id,#tab-detriment,web/assets/detriment-workspace.js,Preserve existing action/value/state,Shared native controls/surface/type tokens,"Retain IDs, handlers, options and source bytes","Empty, loaded, busy, stale, error, partial; conditional runtime review required","Name, keyboard, visible focus, semantic state; colour-independent evidence",Existing smoke/unit suites + uiux-review; per-state browser evidence pending,Source owner reviewed; shared tokens applied; interaction/state verification pending,Static source discovery only
Global / shared / route ownership pending runtime inventory,id,#tab-graph,web/index.html,Preserve existing action/value/state,Shared native controls/surface/type tokens,"Retain IDs, handlers, options and source bytes","Empty, loaded, busy, stale, error, partial; conditional runtime review required","Name, keyboard, visible focus, semantic state; colour-independent evidence",Existing smoke/unit suites + uiux-review; per-state browser evidence pending,Source owner reviewed; shared tokens applied; interaction/state verification pending,Static source discovery only
Global / shared / route ownership pending runtime inventory,id,#tab-rain-events,web/index.html,Preserve existing action/value/state,Shared native controls/surface/type tokens,"Retain IDs, handlers, options and source bytes","Empty, loaded, busy, stale, error, partial; conditional runtime review required","Name, keyboard, visible focus, semantic state; colour-independent evidence",Existing smoke/unit suites + uiux-review; per-state browser evidence pending,Source owner reviewed; shared tokens applied; interaction/state verification pending,Static source discovery only
Global / shared / route ownership pending runtime inventory,id,#tab-spill-network,web/assets/precision-workbench.js,Preserve existing action/value/state,Shared native controls/surface/type tokens,"Retain IDs, handlers, options and source bytes","Empty, loaded, busy, stale, error, partial; conditional runtime review required","Name, keyboard, visible focus, semantic state; colour-independent evidence",Existing smoke/unit suites + uiux-review; per-state browser evidence pending,Source owner reviewed; shared tokens applied; interaction/state verification pending,Static source discovery only
Global / shared / route ownership pending runtime inventory,id,#tab-spills,web/index.html,Preserve existing action/value/state,Shared native controls/surface/type tokens,"Retain IDs, handlers, options and source bytes","Empty, loaded, busy, stale, error, partial; conditional runtime review required","Name, keyboard, visible focus, semantic state; colour-independent evidence",Existing smoke/unit suites + uiux-review; per-state browser evidence pending,Source owner reviewed; shared tokens applied; interaction/state verification pending,Static source discovery only
Global / shared / route ownership pending runtime inventory,id,#tab-storage,web/index.html,Preserve existing action/value/state,Shared native controls/surface/type tokens,"Retain IDs, handlers, options and source bytes","Empty, loaded, busy, stale, error, partial; conditional runtime review required","Name, keyboard, visible focus, semantic state; colour-independent evidence",Existing smoke/unit suites + uiux-review; per-state browser evidence pending,Source owner reviewed; shared tokens applied; interaction/state verification pending,Static source discovery only
Global / shared / route ownership pending runtime inventory,id,#tab-workspace,web/index.html,Preserve existing action/value/state,Shared native controls/surface/type tokens,"Retain IDs, handlers, options and source bytes","Empty, loaded, busy, stale, error, partial; conditional runtime review required","Name, keyboard, visible focus, semantic state; colour-independent evidence",Existing smoke/unit suites + uiux-review; per-state browser evidence pending,Source owner reviewed; shared tokens applied; interaction/state verification pending,Static source discovery only
Global / shared / route ownership pending runtime inventory,id,#targetCount,web/index.html,Preserve existing action/value/state,Shared native controls/surface/type tokens,"Retain IDs, handlers, options and source bytes","Empty, loaded, busy, stale, error, partial; conditional runtime review required","Name, keyboard, visible focus, semantic state; colour-independent evidence",Existing smoke/unit suites + uiux-review; per-state browser evidence pending,Source owner reviewed; shared tokens applied; interaction/state verification pending,Static source discovery only
Global / shared / route ownership pending runtime inventory,id,#threshold1Color,web/index.html,Preserve existing action/value/state,Shared native controls/surface/type tokens,"Retain IDs, handlers, options and source bytes","Empty, loaded, busy, stale, error, partial; conditional runtime review required","Name, keyboard, visible focus, semantic state; colour-independent evidence",Existing smoke/unit suites + uiux-review; per-state browser evidence pending,Source owner reviewed; shared tokens applied; interaction/state verification pending,Static source discovery only
Global / shared / route ownership pending runtime inventory,id,#threshold1Label,web/index.html,Preserve existing action/value/state,Shared native controls/surface/type tokens,"Retain IDs, handlers, options and source bytes","Empty, loaded, busy, stale, error, partial; conditional runtime review required","Name, keyboard, visible focus, semantic state; colour-independent evidence",Existing smoke/unit suites + uiux-review; per-state browser evidence pending,Source owner reviewed; shared tokens applied; interaction/state verification pending,Static source discovery only
Global / shared / route ownership pending runtime inventory,id,#threshold2Color,web/index.html,Preserve existing action/value/state,Shared native controls/surface/type tokens,"Retain IDs, handlers, options and source bytes","Empty, loaded, busy, stale, error, partial; conditional runtime review required","Name, keyboard, visible focus, semantic state; colour-independent evidence",Existing smoke/unit suites + uiux-review; per-state browser evidence pending,Source owner reviewed; shared tokens applied; interaction/state verification pending,Static source discovery only
Global / shared / route ownership pending runtime inventory,id,#threshold2Label,web/index.html,Preserve existing action/value/state,Shared native controls/surface/type tokens,"Retain IDs, handlers, options and source bytes","Empty, loaded, busy, stale, error, partial; conditional runtime review required","Name, keyboard, visible focus, semantic state; colour-independent evidence",Existing smoke/unit suites + uiux-review; per-state browser evidence pending,Source owner reviewed; shared tokens applied; interaction/state verification pending,Static source discovery only
Global / shared / route ownership pending runtime inventory,id,#timeBasisConfirmed,web/index.html,Preserve existing action/value/state,Shared native controls/surface/type tokens,"Retain IDs, handlers, options and source bytes","Empty, loaded, busy, stale, error, partial; conditional runtime review required","Name, keyboard, visible focus, semantic state; colour-independent evidence",Existing smoke/unit suites + uiux-review; per-state browser evidence pending,Source owner reviewed; shared tokens applied; interaction/state verification pending,Static source discovery only
Global / shared / route ownership pending runtime inventory,id,#timeChart,web/index.html,Preserve existing action/value/state,Shared native controls/surface/type tokens,"Retain IDs, handlers, options and source bytes","Empty, loaded, busy, stale, error, partial; conditional runtime review required","Name, keyboard, visible focus, semantic state; colour-independent evidence",Existing smoke/unit suites + uiux-review; per-state browser evidence pending,Source owner reviewed; shared tokens applied; interaction/state verification pending,Static source discovery only
Global / shared / route ownership pending runtime inventory,id,#useZoomPeriodBtn,web/index.html,Preserve existing action/value/state,Shared native controls/surface/type tokens,"Retain IDs, handlers, options and source bytes","Empty, loaded, busy, stale, error, partial; conditional runtime review required","Name, keyboard, visible focus, semantic state; colour-independent evidence",Existing smoke/unit suites + uiux-review; per-state browser evidence pending,Source owner reviewed; shared tokens applied; interaction/state verification pending,Static source discovery only
Global / shared / route ownership pending runtime inventory,id,#v2CalibrationMetrics,web/assets/workbench-v2.js,Preserve existing action/value/state,Shared native controls/surface/type tokens,"Retain IDs, handlers, options and source bytes","Empty, loaded, busy, stale, error, partial; conditional runtime review required","Name, keyboard, visible focus, semantic state; colour-independent evidence",Existing smoke/unit suites + uiux-review; per-state browser evidence pending,Source owner reviewed; shared tokens applied; interaction/state verification pending,Static source discovery only
Global / shared / route ownership pending runtime inventory,id,#v2CalibrationMetricsBody,web/assets/workbench-v2.js,Preserve existing action/value/state,Shared native controls/surface/type tokens,"Retain IDs, handlers, options and source bytes","Empty, loaded, busy, stale, error, partial; conditional runtime review required","Name, keyboard, visible focus, semantic state; colour-independent evidence",Existing smoke/unit suites + uiux-review; per-state browser evidence pending,Source owner reviewed; shared tokens applied; interaction/state verification pending,Static source discovery only
Global / shared / route ownership pending runtime inventory,id,#v2ChannelNav,web/assets/workbench-v2.js,Preserve existing action/value/state,Shared native controls/surface/type tokens,"Retain IDs, handlers, options and source bytes","Empty, loaded, busy, stale, error, partial; conditional runtime review required","Name, keyboard, visible focus, semantic state; colour-independent evidence",Existing smoke/unit suites + uiux-review; per-state browser evidence pending,Source owner reviewed; shared tokens applied; interaction/state verification pending,Static source discovery only
Global / shared / route ownership pending runtime inventory,id,#v2ChannelStrip,web/assets/workbench-v2.js,Preserve existing action/value/state,Shared native controls/surface/type tokens,"Retain IDs, handlers, options and source bytes","Empty, loaded, busy, stale, error, partial; conditional runtime review required","Name, keyboard, visible focus, semantic state; colour-independent evidence",Existing smoke/unit suites + uiux-review; per-state browser evidence pending,Source owner reviewed; shared tokens applied; interaction/state verification pending,Static source discovery only
Global / shared / route ownership pending runtime inventory,id,#v2GraphInteractionStatus,web/assets/workbench-v2.js,Preserve existing action/value/state,Shared native controls/surface/type tokens,"Retain IDs, handlers, options and source bytes","Empty, loaded, busy, stale, error, partial; conditional runtime review required","Name, keyboard, visible focus, semantic state; colour-independent evidence",Existing smoke/unit suites + uiux-review; per-state browser evidence pending,Source owner reviewed; shared tokens applied; interaction/state verification pending,Static source discovery only
Global / shared / route ownership pending runtime inventory,id,#v2PointInspector,web/assets/workbench-v2.js,Preserve existing action/value/state,Shared native controls/surface/type tokens,"Retain IDs, handlers, options and source bytes","Empty, loaded, busy, stale, error, partial; conditional runtime review required","Name, keyboard, visible focus, semantic state; colour-independent evidence",Existing smoke/unit suites + uiux-review; per-state browser evidence pending,Source owner reviewed; shared tokens applied; interaction/state verification pending,Static source discovery only
Global / shared / route ownership pending runtime inventory,id,#v2PointInspectorCopy,web/assets/workbench-v2.js,Preserve existing action/value/state,Shared native controls/surface/type tokens,"Retain IDs, handlers, options and source bytes","Empty, loaded, busy, stale, error, partial; conditional runtime review required","Name, keyboard, visible focus, semantic state; colour-independent evidence",Existing smoke/unit suites + uiux-review; per-state browser evidence pending,Source owner reviewed; shared tokens applied; interaction/state verification pending,Static source discovery only
Global / shared / route ownership pending runtime inventory,id,#v2PointInspectorValue,web/assets/workbench-v2.js,Preserve existing action/value/state,Shared native controls/surface/type tokens,"Retain IDs, handlers, options and source bytes","Empty, loaded, busy, stale, error, partial; conditional runtime review required","Name, keyboard, visible focus, semantic state; colour-independent evidence",Existing smoke/unit suites + uiux-review; per-state browser evidence pending,Source owner reviewed; shared tokens applied; interaction/state verification pending,Static source discovery only
Flow Survey / Monthly Review,id,#workflowGuideTitle,web/assets/workbench-survey.js,Preserve existing action/value/state,Shared native controls/surface/type tokens,"Retain IDs, handlers, options and source bytes","Empty, loaded, busy, stale, error, partial; conditional runtime review required","Name, keyboard, visible focus, semantic state; colour-independent evidence",Existing smoke/unit suites + uiux-review; per-state browser evidence pending,Source owner reviewed; shared tokens applied; interaction/state verification pending,Static source discovery only
Global / shared / route ownership pending runtime inventory,id,#workspaceInput,web/index.html,Preserve existing action/value/state,Shared native controls/surface/type tokens,"Retain IDs, handlers, options and source bytes","Empty, loaded, busy, stale, error, partial; conditional runtime review required","Name, keyboard, visible focus, semantic state; colour-independent evidence",Existing smoke/unit suites + uiux-review; per-state browser evidence pending,Source owner reviewed; shared tokens applied; interaction/state verification pending,Static source discovery only
Global / shared / route ownership pending runtime inventory,id,#workspaceName,web/index.html,Preserve existing action/value/state,Shared native controls/surface/type tokens,"Retain IDs, handlers, options and source bytes","Empty, loaded, busy, stale, error, partial; conditional runtime review required","Name, keyboard, visible focus, semantic state; colour-independent evidence",Existing smoke/unit suites + uiux-review; per-state browser evidence pending,Source owner reviewed; shared tokens applied; interaction/state verification pending,Static source discovery only
Global / shared / route ownership pending runtime inventory,id,#workspaceStatus,web/index.html,Preserve existing action/value/state,Shared native controls/surface/type tokens,"Retain IDs, handlers, options and source bytes","Empty, loaded, busy, stale, error, partial; conditional runtime review required","Name, keyboard, visible focus, semantic state; colour-independent evidence",Existing smoke/unit suites + uiux-review; per-state browser evidence pending,Source owner reviewed; shared tokens applied; interaction/state verification pending,Static source discovery only
Global / shared / route ownership pending runtime inventory,data,[data-about-page],web/assets/precision-workbench.js,Preserve existing action/value/state,Shared native controls/surface/type tokens,"Retain IDs, handlers, options and source bytes","Empty, loaded, busy, stale, error, partial; conditional runtime review required","Name, keyboard, visible focus, semantic state; colour-independent evidence",Existing smoke/unit suites + uiux-review; per-state browser evidence pending,Source owner reviewed; shared tokens applied; interaction/state verification pending,Static source discovery only
Global / shared / route ownership pending runtime inventory,data,[data-about-workspace],web/assets/precision-workbench.js,Preserve existing action/value/state,Shared native controls/surface/type tokens,"Retain IDs, handlers, options and source bytes","Empty, loaded, busy, stale, error, partial; conditional runtime review required","Name, keyboard, visible focus, semantic state; colour-independent evidence",Existing smoke/unit suites + uiux-review; per-state browser evidence pending,Source owner reviewed; shared tokens applied; interaction/state verification pending,Static source discovery only
Global / shared / route ownership pending runtime inventory,data,[data-action],web/assets/precision-workbench.js,Preserve existing action/value/state,Shared native controls/surface/type tokens,"Retain IDs, handlers, options and source bytes","Empty, loaded, busy, stale, error, partial; conditional runtime review required","Name, keyboard, visible focus, semantic state; colour-independent evidence",Existing smoke/unit suites + uiux-review; per-state browser evidence pending,Source owner reviewed; shared tokens applied; interaction/state verification pending,Static source discovery only
Detriment,data,[data-asset],web/assets/detriment-workspace.js,Preserve existing action/value/state,Shared native controls/surface/type tokens,"Retain IDs, handlers, options and source bytes","Empty, loaded, busy, stale, error, partial; conditional runtime review required","Name, keyboard, visible focus, semantic state; colour-independent evidence",Existing smoke/unit suites + uiux-review; per-state browser evidence pending,Source owner reviewed; shared tokens applied; interaction/state verification pending,Static source discovery only
Flow Survey / Monthly Review,data,[data-balance-matrix],web/assets/workflow-26.js,Preserve existing action/value/state,Shared native controls/surface/type tokens,"Retain IDs, handlers, options and source bytes","Empty, loaded, busy, stale, error, partial; conditional runtime review required","Name, keyboard, visible focus, semantic state; colour-independent evidence",Existing smoke/unit suites + uiux-review; per-state browser evidence pending,Source owner reviewed; shared tokens applied; interaction/state verification pending,Static source discovery only
Global / shared / route ownership pending runtime inventory,data,[data-cancel-job],web/assets/runtime.release.js,Preserve existing action/value/state,Shared native controls/surface/type tokens,"Retain IDs, handlers, options and source bytes","Empty, loaded, busy, stale, error, partial; conditional runtime review required","Name, keyboard, visible focus, semantic state; colour-independent evidence",Existing smoke/unit suites + uiux-review; per-state browser evidence pending,Source owner reviewed; shared tokens applied; interaction/state verification pending,Static source discovery only
Global / shared / route ownership pending runtime inventory,data,[data-channel],web/assets/workbench-v2.js,Preserve existing action/value/state,Shared native controls/surface/type tokens,"Retain IDs, handlers, options and source bytes","Empty, loaded, busy, stale, error, partial; conditional runtime review required","Name, keyboard, visible focus, semantic state; colour-independent evidence",Existing smoke/unit suites + uiux-review; per-state browser evidence pending,Source owner reviewed; shared tokens applied; interaction/state verification pending,Static source discovery only
Flow Survey / Monthly Review,data,[data-drawer-close],web/assets/workflow-26.js,Preserve existing action/value/state,Shared native controls/surface/type tokens,"Retain IDs, handlers, options and source bytes","Empty, loaded, busy, stale, error, partial; conditional runtime review required","Name, keyboard, visible focus, semantic state; colour-independent evidence",Existing smoke/unit suites + uiux-review; per-state browser evidence pending,Source owner reviewed; shared tokens applied; interaction/state verification pending,Static source discovery only
Flow Survey / Monthly Review,data,[data-drawer-tab],web/assets/workflow-26.js,Preserve existing action/value/state,Shared native controls/surface/type tokens,"Retain IDs, handlers, options and source bytes","Empty, loaded, busy, stale, error, partial; conditional runtime review required","Name, keyboard, visible focus, semantic state; colour-independent evidence",Existing smoke/unit suites + uiux-review; per-state browser evidence pending,Source owner reviewed; shared tokens applied; interaction/state verification pending,Static source discovery only
Detriment,data,[data-dt-disclosure],web/assets/detriment-workspace.js,Preserve existing action/value/state,Shared native controls/surface/type tokens,"Retain IDs, handlers, options and source bytes","Empty, loaded, busy, stale, error, partial; conditional runtime review required","Name, keyboard, visible focus, semantic state; colour-independent evidence",Existing smoke/unit suites + uiux-review; per-state browser evidence pending,Source owner reviewed; shared tokens applied; interaction/state verification pending,Static source discovery only
Flow Survey / Monthly Review,data,[data-exception-step],web/assets/workflow-26.js,Preserve existing action/value/state,Shared native controls/surface/type tokens,"Retain IDs, handlers, options and source bytes","Empty, loaded, busy, stale, error, partial; conditional runtime review required","Name, keyboard, visible focus, semantic state; colour-independent evidence",Existing smoke/unit suites + uiux-review; per-state browser evidence pending,Source owner reviewed; shared tokens applied; interaction/state verification pending,Static source discovery only
Global / shared / route ownership pending runtime inventory,data,[data-fastpath-mode],web/assets/fastpath-preview.js,Preserve existing action/value/state,Shared native controls/surface/type tokens,"Retain IDs, handlers, options and source bytes","Empty, loaded, busy, stale, error, partial; conditional runtime review required","Name, keyboard, visible focus, semantic state; colour-independent evidence",Existing smoke/unit suites + uiux-review; per-state browser evidence pending,Source owner reviewed; shared tokens applied; interaction/state verification pending,Static source discovery only
Global / shared / route ownership pending runtime inventory,data,[data-field],web/assets/app.js; web/assets/runtime.js; web/assets/runtime.release.js,Preserve existing action/value/state,Shared native controls/surface/type tokens,"Retain IDs, handlers, options and source bytes","Empty, loaded, busy, stale, error, partial; conditional runtime review required","Name, keyboard, visible focus, semantic state; colour-independent evidence",Existing smoke/unit suites + uiux-review; per-state browser evidence pending,Source owner reviewed; shared tokens applied; interaction/state verification pending,Static source discovery only
Global / shared / route ownership pending runtime inventory,data,[data-fit],web/assets/runtime.release.js,Preserve existing action/value/state,Shared native controls/surface/type tokens,"Retain IDs, handlers, options and source bytes","Empty, loaded, busy, stale, error, partial; conditional runtime review required","Name, keyboard, visible focus, semantic state; colour-independent evidence",Existing smoke/unit suites + uiux-review; per-state browser evidence pending,Source owner reviewed; shared tokens applied; interaction/state verification pending,Static source discovery only
Global / shared / route ownership pending runtime inventory,data,[data-fitted-generic],web/assets/runtime.release.js,Preserve existing action/value/state,Shared native controls/surface/type tokens,"Retain IDs, handlers, options and source bytes","Empty, loaded, busy, stale, error, partial; conditional runtime review required","Name, keyboard, visible focus, semantic state; colour-independent evidence",Existing smoke/unit suites + uiux-review; per-state browser evidence pending,Source owner reviewed; shared tokens applied; interaction/state verification pending,Static source discovery only
Global / shared / route ownership pending runtime inventory,data,[data-fitted],web/assets/runtime.release.js,Preserve existing action/value/state,Shared native controls/surface/type tokens,"Retain IDs, handlers, options and source bytes","Empty, loaded, busy, stale, error, partial; conditional runtime review required","Name, keyboard, visible focus, semantic state; colour-independent evidence",Existing smoke/unit suites + uiux-review; per-state browser evidence pending,Source owner reviewed; shared tokens applied; interaction/state verification pending,Static source discovery only
Flow Survey / Monthly Review,data,[data-gauge],web/assets/workbench-survey.js,Preserve existing action/value/state,Shared native controls/surface/type tokens,"Retain IDs, handlers, options and source bytes","Empty, loaded, busy, stale, error, partial; conditional runtime review required","Name, keyboard, visible focus, semantic state; colour-independent evidence",Existing smoke/unit suites + uiux-review; per-state browser evidence pending,Source owner reviewed; shared tokens applied; interaction/state verification pending,Static source discovery only
Global / shared / route ownership pending runtime inventory,data,[data-health-summary],web/assets/precision-workbench.js,Preserve existing action/value/state,Shared native controls/surface/type tokens,"Retain IDs, handlers, options and source bytes","Empty, loaded, busy, stale, error, partial; conditional runtime review required","Name, keyboard, visible focus, semantic state; colour-independent evidence",Existing smoke/unit suites + uiux-review; per-state browser evidence pending,Source owner reviewed; shared tokens applied; interaction/state verification pending,Static source discovery only
Flow Survey / Monthly Review,data,[data-health],web/assets/precision-workbench.js; web/assets/runtime.release.js; web/assets/workbench-survey.js; web/assets/workflow-26.js; web/index.html,Preserve existing action/value/state,Shared native controls/surface/type tokens,"Retain IDs, handlers, options and source bytes","Empty, loaded, busy, stale, error, partial; conditional runtime review required","Name, keyboard, visible focus, semantic state; colour-independent evidence",Existing smoke/unit suites + uiux-review; per-state browser evidence pending,Source owner reviewed; shared tokens applied; interaction/state verification pending,Static source discovery only
Global / shared / route ownership pending runtime inventory,data,[data-icm-copyright],web/assets/workbench-v3.js,Preserve existing action/value/state,Shared native controls/surface/type tokens,"Retain IDs, handlers, options and source bytes","Empty, loaded, busy, stale, error, partial; conditional runtime review required","Name, keyboard, visible focus, semantic state; colour-independent evidence",Existing smoke/unit suites + uiux-review; per-state browser evidence pending,Source owner reviewed; shared tokens applied; interaction/state verification pending,Static source discovery only
Global / shared / route ownership pending runtime inventory,data,[data-id],web/assets/app.js; web/assets/runtime.js; web/assets/runtime.release.js,Preserve existing action/value/state,Shared native controls/surface/type tokens,"Retain IDs, handlers, options and source bytes","Empty, loaded, busy, stale, error, partial; conditional runtime review required","Name, keyboard, visible focus, semantic state; colour-independent evidence",Existing smoke/unit suites + uiux-review; per-state browser evidence pending,Source owner reviewed; shared tokens applied; interaction/state verification pending,Static source discovery only
Detriment,data,[data-key],web/assets/detriment-workspace.js; web/assets/runtime.js; web/assets/runtime.release.js,Preserve existing action/value/state,Shared native controls/surface/type tokens,"Retain IDs, handlers, options and source bytes","Empty, loaded, busy, stale, error, partial; conditional runtime review required","Name, keyboard, visible focus, semantic state; colour-independent evidence",Existing smoke/unit suites + uiux-review; per-state browser evidence pending,Source owner reviewed; shared tokens applied; interaction/state verification pending,Static source discovery only
Global / shared / route ownership pending runtime inventory,data,[data-mapping-panel],web/assets/precision-workbench.js,Preserve existing action/value/state,Shared native controls/surface/type tokens,"Retain IDs, handlers, options and source bytes","Empty, loaded, busy, stale, error, partial; conditional runtime review required","Name, keyboard, visible focus, semantic state; colour-independent evidence",Existing smoke/unit suites + uiux-review; per-state browser evidence pending,Source owner reviewed; shared tokens applied; interaction/state verification pending,Static source discovery only
Flow Survey / Monthly Review,data,[data-matrix-cell],web/assets/workflow-26.js,Preserve existing action/value/state,Shared native controls/surface/type tokens,"Retain IDs, handlers, options and source bytes","Empty, loaded, busy, stale, error, partial; conditional runtime review required","Name, keyboard, visible focus, semantic state; colour-independent evidence",Existing smoke/unit suites + uiux-review; per-state browser evidence pending,Source owner reviewed; shared tokens applied; interaction/state verification pending,Static source discovery only
Network Schematic,data,[data-ns-add-bend],web/assets/network-schematic.js,Preserve existing action/value/state,Shared native controls/surface/type tokens,"Retain IDs, handlers, options and source bytes","Empty, loaded, busy, stale, error, partial; conditional runtime review required","Name, keyboard, visible focus, semantic state; colour-independent evidence",Existing smoke/unit suites + uiux-review; per-state browser evidence pending,Source owner reviewed; shared tokens applied; interaction/state verification pending,Static source discovery only
Network Schematic,data,[data-ns-add-sources],web/assets/network-schematic.js,Preserve existing action/value/state,Shared native controls/surface/type tokens,"Retain IDs, handlers, options and source bytes","Empty, loaded, busy, stale, error, partial; conditional runtime review required","Name, keyboard, visible focus, semantic state; colour-independent evidence",Existing smoke/unit suites + uiux-review; per-state browser evidence pending,Source owner reviewed; shared tokens applied; interaction/state verification pending,Static source discovery only
Network Schematic,data,[data-ns-arrange],web/assets/network-schematic.js,Preserve existing action/value/state,Shared native controls/surface/type tokens,"Retain IDs, handlers, options and source bytes","Empty, loaded, busy, stale, error, partial; conditional runtime review required","Name, keyboard, visible focus, semantic state; colour-independent evidence",Existing smoke/unit suites + uiux-review; per-state browser evidence pending,Source owner reviewed; shared tokens applied; interaction/state verification pending,Static source discovery only
Network Schematic,data,[data-ns-badge],web/assets/network-schematic.js,Preserve existing action/value/state,Shared native controls/surface/type tokens,"Retain IDs, handlers, options and source bytes","Empty, loaded, busy, stale, error, partial; conditional runtime review required","Name, keyboard, visible focus, semantic state; colour-independent evidence",Existing smoke/unit suites + uiux-review; per-state browser evidence pending,Source owner reviewed; shared tokens applied; interaction/state verification pending,Static source discovery only
Network Schematic,data,[data-ns-bend],web/assets/network-schematic.js,Preserve existing action/value/state,Shared native controls/surface/type tokens,"Retain IDs, handlers, options and source bytes","Empty, loaded, busy, stale, error, partial; conditional runtime review required","Name, keyboard, visible focus, semantic state; colour-independent evidence",Existing smoke/unit suites + uiux-review; per-state browser evidence pending,Source owner reviewed; shared tokens applied; interaction/state verification pending,Static source discovery only
Network Schematic,data,[data-ns-binding-field],web/assets/network-schematic.js,Preserve existing action/value/state,Shared native controls/surface/type tokens,"Retain IDs, handlers, options and source bytes","Empty, loaded, busy, stale, error, partial; conditional runtime review required","Name, keyboard, visible focus, semantic state; colour-independent evidence",Existing smoke/unit suites + uiux-review; per-state browser evidence pending,Source owner reviewed; shared tokens applied; interaction/state verification pending,Static source discovery only
Network Schematic,data,[data-ns-binding],web/assets/network-schematic.js,Preserve existing action/value/state,Shared native controls/surface/type tokens,"Retain IDs, handlers, options and source bytes","Empty, loaded, busy, stale, error, partial; conditional runtime review required","Name, keyboard, visible focus, semantic state; colour-independent evidence",Existing smoke/unit suites + uiux-review; per-state browser evidence pending,Source owner reviewed; shared tokens applied; interaction/state verification pending,Static source discovery only
Network Schematic,data,[data-ns-centre],web/assets/network-schematic.js,Preserve existing action/value/state,Shared native controls/surface/type tokens,"Retain IDs, handlers, options and source bytes","Empty, loaded, busy, stale, error, partial; conditional runtime review required","Name, keyboard, visible focus, semantic state; colour-independent evidence",Existing smoke/unit suites + uiux-review; per-state browser evidence pending,Source owner reviewed; shared tokens applied; interaction/state verification pending,Static source discovery only
Network Schematic,data,[data-ns-close-picker],web/assets/network-schematic.js,Preserve existing action/value/state,Shared native controls/surface/type tokens,"Retain IDs, handlers, options and source bytes","Empty, loaded, busy, stale, error, partial; conditional runtime review required","Name, keyboard, visible focus, semantic state; colour-independent evidence",Existing smoke/unit suites + uiux-review; per-state browser evidence pending,Source owner reviewed; shared tokens applied; interaction/state verification pending,Static source discovery only
Network Schematic,data,[data-ns-close-popup],web/assets/network-schematic.js,Preserve existing action/value/state,Shared native controls/surface/type tokens,"Retain IDs, handlers, options and source bytes","Empty, loaded, busy, stale, error, partial; conditional runtime review required","Name, keyboard, visible focus, semantic state; colour-independent evidence",Existing smoke/unit suites + uiux-review; per-state browser evidence pending,Source owner reviewed; shared tokens applied; interaction/state verification pending,Static source discovery only
Network Schematic,data,[data-ns-close-selection],web/assets/network-schematic.js,Preserve existing action/value/state,Shared native controls/surface/type tokens,"Retain IDs, handlers, options and source bytes","Empty, loaded, busy, stale, error, partial; conditional runtime review required","Name, keyboard, visible focus, semantic state; colour-independent evidence",Existing smoke/unit suites + uiux-review; per-state browser evidence pending,Source owner reviewed; shared tokens applied; interaction/state verification pending,Static source discovery only
Network Schematic,data,[data-ns-colour],web/assets/network-schematic.js,Preserve existing action/value/state,Shared native controls/surface/type tokens,"Retain IDs, handlers, options and source bytes","Empty, loaded, busy, stale, error, partial; conditional runtime review required","Name, keyboard, visible focus, semantic state; colour-independent evidence",Existing smoke/unit suites + uiux-review; per-state browser evidence pending,Source owner reviewed; shared tokens applied; interaction/state verification pending,Static source discovery only
Network Schematic,data,[data-ns-delete],web/assets/network-schematic.js,Preserve existing action/value/state,Shared native controls/surface/type tokens,"Retain IDs, handlers, options and source bytes","Empty, loaded, busy, stale, error, partial; conditional runtime review required","Name, keyboard, visible focus, semantic state; colour-independent evidence",Existing smoke/unit suites + uiux-review; per-state browser evidence pending,Source owner reviewed; shared tokens applied; interaction/state verification pending,Static source discovery only
Network Schematic,data,[data-ns-direction],web/assets/network-schematic.js,Preserve existing action/value/state,Shared native controls/surface/type tokens,"Retain IDs, handlers, options and source bytes","Empty, loaded, busy, stale, error, partial; conditional runtime review required","Name, keyboard, visible focus, semantic state; colour-independent evidence",Existing smoke/unit suites + uiux-review; per-state browser evidence pending,Source owner reviewed; shared tokens applied; interaction/state verification pending,Static source discovery only
Network Schematic,data,[data-ns-edge-label],web/assets/network-schematic.js,Preserve existing action/value/state,Shared native controls/surface/type tokens,"Retain IDs, handlers, options and source bytes","Empty, loaded, busy, stale, error, partial; conditional runtime review required","Name, keyboard, visible focus, semantic state; colour-independent evidence",Existing smoke/unit suites + uiux-review; per-state browser evidence pending,Source owner reviewed; shared tokens applied; interaction/state verification pending,Static source discovery only
Network Schematic,data,[data-ns-edge],web/assets/network-schematic.js,Preserve existing action/value/state,Shared native controls/surface/type tokens,"Retain IDs, handlers, options and source bytes","Empty, loaded, busy, stale, error, partial; conditional runtime review required","Name, keyboard, visible focus, semantic state; colour-independent evidence",Existing smoke/unit suites + uiux-review; per-state browser evidence pending,Source owner reviewed; shared tokens applied; interaction/state verification pending,Static source discovery only
Network Schematic,data,[data-ns-edit-selected],web/assets/network-schematic.js,Preserve existing action/value/state,Shared native controls/surface/type tokens,"Retain IDs, handlers, options and source bytes","Empty, loaded, busy, stale, error, partial; conditional runtime review required","Name, keyboard, visible focus, semantic state; colour-independent evidence",Existing smoke/unit suites + uiux-review; per-state browser evidence pending,Source owner reviewed; shared tokens applied; interaction/state verification pending,Static source discovery only
Network Schematic,data,[data-ns-effective-threshold],web/assets/network-schematic.js,Preserve existing action/value/state,Shared native controls/surface/type tokens,"Retain IDs, handlers, options and source bytes","Empty, loaded, busy, stale, error, partial; conditional runtime review required","Name, keyboard, visible focus, semantic state; colour-independent evidence",Existing smoke/unit suites + uiux-review; per-state browser evidence pending,Source owner reviewed; shared tokens applied; interaction/state verification pending,Static source discovery only
Network Schematic,data,[data-ns-evidence-year],web/assets/network-schematic.js,Preserve existing action/value/state,Shared native controls/surface/type tokens,"Retain IDs, handlers, options and source bytes","Empty, loaded, busy, stale, error, partial; conditional runtime review required","Name, keyboard, visible focus, semantic state; colour-independent evidence",Existing smoke/unit suites + uiux-review; per-state browser evidence pending,Source owner reviewed; shared tokens applied; interaction/state verification pending,Static source discovery only
Network Schematic,data,[data-ns-file-name],web/assets/network-schematic.js,Preserve existing action/value/state,Shared native controls/surface/type tokens,"Retain IDs, handlers, options and source bytes","Empty, loaded, busy, stale, error, partial; conditional runtime review required","Name, keyboard, visible focus, semantic state; colour-independent evidence",Existing smoke/unit suites + uiux-review; per-state browser evidence pending,Source owner reviewed; shared tokens applied; interaction/state verification pending,Static source discovery only
Network Schematic,data,[data-ns-focus],web/assets/network-schematic.js,Preserve existing action/value/state,Shared native controls/surface/type tokens,"Retain IDs, handlers, options and source bytes","Empty, loaded, busy, stale, error, partial; conditional runtime review required","Name, keyboard, visible focus, semantic state; colour-independent evidence",Existing smoke/unit suites + uiux-review; per-state browser evidence pending,Source owner reviewed; shared tokens applied; interaction/state verification pending,Static source discovery only
Network Schematic,data,[data-ns-frame],web/assets/network-schematic.js,Preserve existing action/value/state,Shared native controls/surface/type tokens,"Retain IDs, handlers, options and source bytes","Empty, loaded, busy, stale, error, partial; conditional runtime review required","Name, keyboard, visible focus, semantic state; colour-independent evidence",Existing smoke/unit suites + uiux-review; per-state browser evidence pending,Source owner reviewed; shared tokens applied; interaction/state verification pending,Static source discovery only
Network Schematic,data,[data-ns-handle],web/assets/network-schematic.js,Preserve existing action/value/state,Shared native controls/surface/type tokens,"Retain IDs, handlers, options and source bytes","Empty, loaded, busy, stale, error, partial; conditional runtime review required","Name, keyboard, visible focus, semantic state; colour-independent evidence",Existing smoke/unit suites + uiux-review; per-state browser evidence pending,Source owner reviewed; shared tokens applied; interaction/state verification pending,Static source discovery only
Network Schematic,data,[data-ns-label],web/assets/network-schematic.js,Preserve existing action/value/state,Shared native controls/surface/type tokens,"Retain IDs, handlers, options and source bytes","Empty, loaded, busy, stale, error, partial; conditional runtime review required","Name, keyboard, visible focus, semantic state; colour-independent evidence",Existing smoke/unit suites + uiux-review; per-state browser evidence pending,Source owner reviewed; shared tokens applied; interaction/state verification pending,Static source discovery only
Network Schematic,data,[data-ns-leader],web/assets/network-schematic.js,Preserve existing action/value/state,Shared native controls/surface/type tokens,"Retain IDs, handlers, options and source bytes","Empty, loaded, busy, stale, error, partial; conditional runtime review required","Name, keyboard, visible focus, semantic state; colour-independent evidence",Existing smoke/unit suites + uiux-review; per-state browser evidence pending,Source owner reviewed; shared tokens applied; interaction/state verification pending,Static source discovery only
Network Schematic,data,[data-ns-node],web/assets/network-schematic.js,Preserve existing action/value/state,Shared native controls/surface/type tokens,"Retain IDs, handlers, options and source bytes","Empty, loaded, busy, stale, error, partial; conditional runtime review required","Name, keyboard, visible focus, semantic state; colour-independent evidence",Existing smoke/unit suites + uiux-review; per-state browser evidence pending,Source owner reviewed; shared tokens applied; interaction/state verification pending,Static source discovery only
Network Schematic,data,[data-ns-object-colour],web/assets/network-schematic.js,Preserve existing action/value/state,Shared native controls/surface/type tokens,"Retain IDs, handlers, options and source bytes","Empty, loaded, busy, stale, error, partial; conditional runtime review required","Name, keyboard, visible focus, semantic state; colour-independent evidence",Existing smoke/unit suites + uiux-review; per-state browser evidence pending,Source owner reviewed; shared tokens applied; interaction/state verification pending,Static source discovery only
Network Schematic,data,[data-ns-open-analysis],web/assets/network-schematic.js,Preserve existing action/value/state,Shared native controls/surface/type tokens,"Retain IDs, handlers, options and source bytes","Empty, loaded, busy, stale, error, partial; conditional runtime review required","Name, keyboard, visible focus, semantic state; colour-independent evidence",Existing smoke/unit suites + uiux-review; per-state browser evidence pending,Source owner reviewed; shared tokens applied; interaction/state verification pending,Static source discovery only
Network Schematic,data,[data-ns-remove-bend],web/assets/network-schematic.js,Preserve existing action/value/state,Shared native controls/surface/type tokens,"Retain IDs, handlers, options and source bytes","Empty, loaded, busy, stale, error, partial; conditional runtime review required","Name, keyboard, visible focus, semantic state; colour-independent evidence",Existing smoke/unit suites + uiux-review; per-state browser evidence pending,Source owner reviewed; shared tokens applied; interaction/state verification pending,Static source discovery only
Network Schematic,data,[data-ns-remove-binding],web/assets/network-schematic.js,Preserve existing action/value/state,Shared native controls/surface/type tokens,"Retain IDs, handlers, options and source bytes","Empty, loaded, busy, stale, error, partial; conditional runtime review required","Name, keyboard, visible focus, semantic state; colour-independent evidence",Existing smoke/unit suites + uiux-review; per-state browser evidence pending,Source owner reviewed; shared tokens applied; interaction/state verification pending,Static source discovery only
Network Schematic,data,[data-ns-scenario-choice],web/assets/network-schematic.js,Preserve existing action/value/state,Shared native controls/surface/type tokens,"Retain IDs, handlers, options and source bytes","Empty, loaded, busy, stale, error, partial; conditional runtime review required","Name, keyboard, visible focus, semantic state; colour-independent evidence",Existing smoke/unit suites + uiux-review; per-state browser evidence pending,Source owner reviewed; shared tokens applied; interaction/state verification pending,Static source discovery only
Network Schematic,data,[data-ns-summary-row],web/assets/network-schematic.js,Preserve existing action/value/state,Shared native controls/surface/type tokens,"Retain IDs, handlers, options and source bytes","Empty, loaded, busy, stale, error, partial; conditional runtime review required","Name, keyboard, visible focus, semantic state; colour-independent evidence",Existing smoke/unit suites + uiux-review; per-state browser evidence pending,Source owner reviewed; shared tokens applied; interaction/state verification pending,Static source discovery only
Network Schematic,data,[data-ns-summary-year],web/assets/network-schematic.js,Preserve existing action/value/state,Shared native controls/surface/type tokens,"Retain IDs, handlers, options and source bytes","Empty, loaded, busy, stale, error, partial; conditional runtime review required","Name, keyboard, visible focus, semantic state; colour-independent evidence",Existing smoke/unit suites + uiux-review; per-state browser evidence pending,Source owner reviewed; shared tokens applied; interaction/state verification pending,Static source discovery only
Network Schematic,data,[data-ns-summary],web/assets/network-schematic.js,Preserve existing action/value/state,Shared native controls/surface/type tokens,"Retain IDs, handlers, options and source bytes","Empty, loaded, busy, stale, error, partial; conditional runtime review required","Name, keyboard, visible focus, semantic state; colour-independent evidence",Existing smoke/unit suites + uiux-review; per-state browser evidence pending,Source owner reviewed; shared tokens applied; interaction/state verification pending,Static source discovery only
Network Schematic,data,[data-ns-trace],web/assets/network-schematic.js,Preserve existing action/value/state,Shared native controls/surface/type tokens,"Retain IDs, handlers, options and source bytes","Empty, loaded, busy, stale, error, partial; conditional runtime review required","Name, keyboard, visible focus, semantic state; colour-independent evidence",Existing smoke/unit suites + uiux-review; per-state browser evidence pending,Source owner reviewed; shared tokens applied; interaction/state verification pending,Static source discovery only
Network Schematic,data,[data-ns-wire],web/assets/network-schematic.js,Preserve existing action/value/state,Shared native controls/surface/type tokens,"Retain IDs, handlers, options and source bytes","Empty, loaded, busy, stale, error, partial; conditional runtime review required","Name, keyboard, visible focus, semantic state; colour-independent evidence",Existing smoke/unit suites + uiux-review; per-state browser evidence pending,Source owner reviewed; shared tokens applied; interaction/state verification pending,Static source discovery only
Network Schematic,data,[data-ns-year],web/assets/network-schematic.js,Preserve existing action/value/state,Shared native controls/surface/type tokens,"Retain IDs, handlers, options and source bytes","Empty, loaded, busy, stale, error, partial; conditional runtime review required","Name, keyboard, visible focus, semantic state; colour-independent evidence",Existing smoke/unit suites + uiux-review; per-state browser evidence pending,Source owner reviewed; shared tokens applied; interaction/state verification pending,Static source discovery only
Global / shared / route ownership pending runtime inventory,data,[data-page],web/assets/precision-workbench.js,Preserve existing action/value/state,Shared native controls/surface/type tokens,"Retain IDs, handlers, options and source bytes","Empty, loaded, busy, stale, error, partial; conditional runtime review required","Name, keyboard, visible focus, semantic state; colour-independent evidence",Existing smoke/unit suites + uiux-review; per-state browser evidence pending,Source owner reviewed; shared tokens applied; interaction/state verification pending,Static source discovery only
Flow Survey / Monthly Review,data,[data-popup-close],web/assets/workflow-26.js,Preserve existing action/value/state,Shared native controls/surface/type tokens,"Retain IDs, handlers, options and source bytes","Empty, loaded, busy, stale, error, partial; conditional runtime review required","Name, keyboard, visible focus, semantic state; colour-independent evidence",Existing smoke/unit suites + uiux-review; per-state browser evidence pending,Source owner reviewed; shared tokens applied; interaction/state verification pending,Static source discovery only
Flow Survey / Monthly Review,data,[data-popup-detail],web/assets/workflow-26.js,Preserve existing action/value/state,Shared native controls/surface/type tokens,"Retain IDs, handlers, options and source bytes","Empty, loaded, busy, stale, error, partial; conditional runtime review required","Name, keyboard, visible focus, semantic state; colour-independent evidence",Existing smoke/unit suites + uiux-review; per-state browser evidence pending,Source owner reviewed; shared tokens applied; interaction/state verification pending,Static source discovery only
Global / shared / route ownership pending runtime inventory,data,[data-prioritise-job],web/assets/runtime.release.js,Preserve existing action/value/state,Shared native controls/surface/type tokens,"Retain IDs, handlers, options and source bytes","Empty, loaded, busy, stale, error, partial; conditional runtime review required","Name, keyboard, visible focus, semantic state; colour-independent evidence",Existing smoke/unit suites + uiux-review; per-state browser evidence pending,Source owner reviewed; shared tokens applied; interaction/state verification pending,Static source discovery only
Global / shared / route ownership pending runtime inventory,data,[data-rainfall-semantics-key],web/assets/runtime.release.js,Preserve existing action/value/state,Shared native controls/surface/type tokens,"Retain IDs, handlers, options and source bytes","Empty, loaded, busy, stale, error, partial; conditional runtime review required","Name, keyboard, visible focus, semantic state; colour-independent evidence",Existing smoke/unit suites + uiux-review; per-state browser evidence pending,Source owner reviewed; shared tokens applied; interaction/state verification pending,Static source discovery only
Flow Survey / Monthly Review,data,[data-result],web/assets/workbench-survey.js,Preserve existing action/value/state,Shared native controls/surface/type tokens,"Retain IDs, handlers, options and source bytes","Empty, loaded, busy, stale, error, partial; conditional runtime review required","Name, keyboard, visible focus, semantic state; colour-independent evidence",Existing smoke/unit suites + uiux-review; per-state browser evidence pending,Source owner reviewed; shared tokens applied; interaction/state verification pending,Static source discovery only
Flow Survey / Monthly Review,data,[data-review-id],web/assets/workflow-26.js,Preserve existing action/value/state,Shared native controls/surface/type tokens,"Retain IDs, handlers, options and source bytes","Empty, loaded, busy, stale, error, partial; conditional runtime review required","Name, keyboard, visible focus, semantic state; colour-independent evidence",Existing smoke/unit suites + uiux-review; per-state browser evidence pending,Source owner reviewed; shared tokens applied; interaction/state verification pending,Static source discovery only
Flow Survey / Monthly Review,data,[data-review-kind],web/assets/workflow-26.js,Preserve existing action/value/state,Shared native controls/surface/type tokens,"Retain IDs, handlers, options and source bytes","Empty, loaded, busy, stale, error, partial; conditional runtime review required","Name, keyboard, visible focus, semantic state; colour-independent evidence",Existing smoke/unit suites + uiux-review; per-state browser evidence pending,Source owner reviewed; shared tokens applied; interaction/state verification pending,Static source discovery only
Global / shared / route ownership pending runtime inventory,data,[data-review],web/assets/precision-workbench.js,Preserve existing action/value/state,Shared native controls/surface/type tokens,"Retain IDs, handlers, options and source bytes","Empty, loaded, busy, stale, error, partial; conditional runtime review required","Name, keyboard, visible focus, semantic state; colour-independent evidence",Existing smoke/unit suites + uiux-review; per-state browser evidence pending,Source owner reviewed; shared tokens applied; interaction/state verification pending,Static source discovery only
Flow Survey / Monthly Review,data,[data-schematic-fit],web/assets/workflow-26.js,Preserve existing action/value/state,Shared native controls/surface/type tokens,"Retain IDs, handlers, options and source bytes","Empty, loaded, busy, stale, error, partial; conditional runtime review required","Name, keyboard, visible focus, semantic state; colour-independent evidence",Existing smoke/unit suites + uiux-review; per-state browser evidence pending,Source owner reviewed; shared tokens applied; interaction/state verification pending,Static source discovery only
Flow Survey / Monthly Review,data,[data-schematic-focus],web/assets/workflow-26.js,Preserve existing action/value/state,Shared native controls/surface/type tokens,"Retain IDs, handlers, options and source bytes","Empty, loaded, busy, stale, error, partial; conditional runtime review required","Name, keyboard, visible focus, semantic state; colour-independent evidence",Existing smoke/unit suites + uiux-review; per-state browser evidence pending,Source owner reviewed; shared tokens applied; interaction/state verification pending,Static source discovery only
Flow Survey / Monthly Review,data,[data-schematic-kind],web/assets/workflow-26.js,Preserve existing action/value/state,Shared native controls/surface/type tokens,"Retain IDs, handlers, options and source bytes","Empty, loaded, busy, stale, error, partial; conditional runtime review required","Name, keyboard, visible focus, semantic state; colour-independent evidence",Existing smoke/unit suites + uiux-review; per-state browser evidence pending,Source owner reviewed; shared tokens applied; interaction/state verification pending,Static source discovery only
Flow Survey / Monthly Review,data,[data-schematic-pan],web/assets/workflow-26.js,Preserve existing action/value/state,Shared native controls/surface/type tokens,"Retain IDs, handlers, options and source bytes","Empty, loaded, busy, stale, error, partial; conditional runtime review required","Name, keyboard, visible focus, semantic state; colour-independent evidence",Existing smoke/unit suites + uiux-review; per-state browser evidence pending,Source owner reviewed; shared tokens applied; interaction/state verification pending,Static source discovery only
Flow Survey / Monthly Review,data,[data-schematic-zoom],web/assets/workflow-26.js,Preserve existing action/value/state,Shared native controls/surface/type tokens,"Retain IDs, handlers, options and source bytes","Empty, loaded, busy, stale, error, partial; conditional runtime review required","Name, keyboard, visible focus, semantic state; colour-independent evidence",Existing smoke/unit suites + uiux-review; per-state browser evidence pending,Source owner reviewed; shared tokens applied; interaction/state verification pending,Static source discovery only
Global / shared / route ownership pending runtime inventory,data,[data-series-quantity-key],web/assets/runtime.release.js,Preserve existing action/value/state,Shared native controls/surface/type tokens,"Retain IDs, handlers, options and source bytes","Empty, loaded, busy, stale, error, partial; conditional runtime review required","Name, keyboard, visible focus, semantic state; colour-independent evidence",Existing smoke/unit suites + uiux-review; per-state browser evidence pending,Source owner reviewed; shared tokens applied; interaction/state verification pending,Static source discovery only
Global / shared / route ownership pending runtime inventory,data,[data-series-unit-key],web/assets/runtime.release.js,Preserve existing action/value/state,Shared native controls/surface/type tokens,"Retain IDs, handlers, options and source bytes","Empty, loaded, busy, stale, error, partial; conditional runtime review required","Name, keyboard, visible focus, semantic state; colour-independent evidence",Existing smoke/unit suites + uiux-review; per-state browser evidence pending,Source owner reviewed; shared tokens applied; interaction/state verification pending,Static source discovery only
Global / shared / route ownership pending runtime inventory,data,[data-setup-surface],web/assets/precision-workbench.js,Preserve existing action/value/state,Shared native controls/surface/type tokens,"Retain IDs, handlers, options and source bytes","Empty, loaded, busy, stale, error, partial; conditional runtime review required","Name, keyboard, visible focus, semantic state; colour-independent evidence",Existing smoke/unit suites + uiux-review; per-state browser evidence pending,Source owner reviewed; shared tokens applied; interaction/state verification pending,Static source discovery only
Global / shared / route ownership pending runtime inventory,data,[data-source-id],web/assets/runtime.release.js,Preserve existing action/value/state,Shared native controls/surface/type tokens,"Retain IDs, handlers, options and source bytes","Empty, loaded, busy, stale, error, partial; conditional runtime review required","Name, keyboard, visible focus, semantic state; colour-independent evidence",Existing smoke/unit suites + uiux-review; per-state browser evidence pending,Source owner reviewed; shared tokens applied; interaction/state verification pending,Static source discovery only
Global / shared / route ownership pending runtime inventory,data,[data-source-panel],web/assets/precision-workbench.js,Preserve existing action/value/state,Shared native controls/surface/type tokens,"Retain IDs, handlers, options and source bytes","Empty, loaded, busy, stale, error, partial; conditional runtime review required","Name, keyboard, visible focus, semantic state; colour-independent evidence",Existing smoke/unit suites + uiux-review; per-state browser evidence pending,Source owner reviewed; shared tokens applied; interaction/state verification pending,Static source discovery only
Global / shared / route ownership pending runtime inventory,data,[data-source-remove],web/assets/runtime.release.js,Preserve existing action/value/state,Shared native controls/surface/type tokens,"Retain IDs, handlers, options and source bytes","Empty, loaded, busy, stale, error, partial; conditional runtime review required","Name, keyboard, visible focus, semantic state; colour-independent evidence",Existing smoke/unit suites + uiux-review; per-state browser evidence pending,Source owner reviewed; shared tokens applied; interaction/state verification pending,Static source discovery only
Flow Survey / Monthly Review,data,[data-state],web/assets/workbench-survey.js,Preserve existing action/value/state,Shared native controls/surface/type tokens,"Retain IDs, handlers, options and source bytes","Empty, loaded, busy, stale, error, partial; conditional runtime review required","Name, keyboard, visible focus, semantic state; colour-independent evidence",Existing smoke/unit suites + uiux-review; per-state browser evidence pending,Source owner reviewed; shared tokens applied; interaction/state verification pending,Static source discovery only
Flow Survey / Monthly Review,data,[data-survey-gauge],web/assets/workflow-26.js,Preserve existing action/value/state,Shared native controls/surface/type tokens,"Retain IDs, handlers, options and source bytes","Empty, loaded, busy, stale, error, partial; conditional runtime review required","Name, keyboard, visible focus, semantic state; colour-independent evidence",Existing smoke/unit suites + uiux-review; per-state browser evidence pending,Source owner reviewed; shared tokens applied; interaction/state verification pending,Static source discovery only
Flow Survey / Monthly Review,data,[data-survey-node],web/assets/workbench-survey.js; web/assets/workflow-26.js,Preserve existing action/value/state,Shared native controls/surface/type tokens,"Retain IDs, handlers, options and source bytes","Empty, loaded, busy, stale, error, partial; conditional runtime review required","Name, keyboard, visible focus, semantic state; colour-independent evidence",Existing smoke/unit suites + uiux-review; per-state browser evidence pending,Source owner reviewed; shared tokens applied; interaction/state verification pending,Static source discovery only
Flow Survey / Monthly Review,data,[data-tab],web/assets/precision-workbench.js; web/assets/workbench-survey.js; web/assets/workbench-v3.js; web/index.html,Preserve existing action/value/state,Shared native controls/surface/type tokens,"Retain IDs, handlers, options and source bytes","Empty, loaded, busy, stale, error, partial; conditional runtime review required","Name, keyboard, visible focus, semantic state; colour-independent evidence",Existing smoke/unit suites + uiux-review; per-state browser evidence pending,Source owner reviewed; shared tokens applied; interaction/state verification pending,Static source discovery only
Detriment,data,[data-table],web/assets/app.js; web/assets/detriment-workspace.js; web/assets/domain-registry.js; web/assets/precision-workbench.js; web/assets/runtime.js; web/assets/runtime.release.js; web/assets/workbench-survey.js; web/assets/workbench-v2.js; web/assets/workbench-v3.js; web/assets/workflow-26.js; web/index.html,Preserve existing action/value/state,Shared native controls/surface/type tokens,"Retain IDs, handlers, options and source bytes","Empty, loaded, busy, stale, error, partial; conditional runtime review required","Name, keyboard, visible focus, semantic state; colour-independent evidence",Existing smoke/unit suites + uiux-review; per-state browser evidence pending,Source owner reviewed; shared tokens applied; interaction/state verification pending,Static source discovery only
Global / shared / route ownership pending runtime inventory,data,[data-threshold-role],web/assets/workbench-v2.js,Preserve existing action/value/state,Shared native controls/surface/type tokens,"Retain IDs, handlers, options and source bytes","Empty, loaded, busy, stale, error, partial; conditional runtime review required","Name, keyboard, visible focus, semantic state; colour-independent evidence",Existing smoke/unit suites + uiux-review; per-state browser evidence pending,Source owner reviewed; shared tokens applied; interaction/state verification pending,Static source discovery only
Global / shared / route ownership pending runtime inventory,data,[data-validity],web/assets/precision-workbench.js,Preserve existing action/value/state,Shared native controls/surface/type tokens,"Retain IDs, handlers, options and source bytes","Empty, loaded, busy, stale, error, partial; conditional runtime review required","Name, keyboard, visible focus, semantic state; colour-independent evidence",Existing smoke/unit suites + uiux-review; per-state browser evidence pending,Source owner reviewed; shared tokens applied; interaction/state verification pending,Static source discovery only
Flow Survey / Monthly Review,data,[data-w26-balance],web/assets/workflow-26.js,Preserve existing action/value/state,Shared native controls/surface/type tokens,"Retain IDs, handlers, options and source bytes","Empty, loaded, busy, stale, error, partial; conditional runtime review required","Name, keyboard, visible focus, semantic state; colour-independent evidence",Existing smoke/unit suites + uiux-review; per-state browser evidence pending,Source owner reviewed; shared tokens applied; interaction/state verification pending,Static source discovery only
Flow Survey / Monthly Review,data,[data-w26-gauge],web/assets/workflow-26.js,Preserve existing action/value/state,Shared native controls/surface/type tokens,"Retain IDs, handlers, options and source bytes","Empty, loaded, busy, stale, error, partial; conditional runtime review required","Name, keyboard, visible focus, semantic state; colour-independent evidence",Existing smoke/unit suites + uiux-review; per-state browser evidence pending,Source owner reviewed; shared tokens applied; interaction/state verification pending,Static source discovery only
Flow Survey / Monthly Review,data,[data-w26-monitor],web/assets/workflow-26.js,Preserve existing action/value/state,Shared native controls/surface/type tokens,"Retain IDs, handlers, options and source bytes","Empty, loaded, busy, stale, error, partial; conditional runtime review required","Name, keyboard, visible focus, semantic state; colour-independent evidence",Existing smoke/unit suites + uiux-review; per-state browser evidence pending,Source owner reviewed; shared tokens applied; interaction/state verification pending,Static source discovery only
Flow Survey / Monthly Review,data,[data-w26-review-apply],web/assets/workflow-26.js,Preserve existing action/value/state,Shared native controls/surface/type tokens,"Retain IDs, handlers, options and source bytes","Empty, loaded, busy, stale, error, partial; conditional runtime review required","Name, keyboard, visible focus, semantic state; colour-independent evidence",Existing smoke/unit suites + uiux-review; per-state browser evidence pending,Source owner reviewed; shared tokens applied; interaction/state verification pending,Static source discovery only
Flow Survey / Monthly Review,data,[data-w26-review-revert],web/assets/workflow-26.js,Preserve existing action/value/state,Shared native controls/surface/type tokens,"Retain IDs, handlers, options and source bytes","Empty, loaded, busy, stale, error, partial; conditional runtime review required","Name, keyboard, visible focus, semantic state; colour-independent evidence",Existing smoke/unit suites + uiux-review; per-state browser evidence pending,Source owner reviewed; shared tokens applied; interaction/state verification pending,Static source discovery only
Flow Survey / Monthly Review,data,[data-week-close],web/assets/workflow-26.js,Preserve existing action/value/state,Shared native controls/surface/type tokens,"Retain IDs, handlers, options and source bytes","Empty, loaded, busy, stale, error, partial; conditional runtime review required","Name, keyboard, visible focus, semantic state; colour-independent evidence",Existing smoke/unit suites + uiux-review; per-state browser evidence pending,Source owner reviewed; shared tokens applied; interaction/state verification pending,Static source discovery only
Flow Survey / Monthly Review,data,[data-week-edit],web/assets/workflow-26.js,Preserve existing action/value/state,Shared native controls/surface/type tokens,"Retain IDs, handlers, options and source bytes","Empty, loaded, busy, stale, error, partial; conditional runtime review required","Name, keyboard, visible focus, semantic state; colour-independent evidence",Existing smoke/unit suites + uiux-review; per-state browser evidence pending,Source owner reviewed; shared tokens applied; interaction/state verification pending,Static source discovery only
Flow Survey / Monthly Review,data,[data-week-ending],web/assets/workflow-26.js,Preserve existing action/value/state,Shared native controls/surface/type tokens,"Retain IDs, handlers, options and source bytes","Empty, loaded, busy, stale, error, partial; conditional runtime review required","Name, keyboard, visible focus, semantic state; colour-independent evidence",Existing smoke/unit suites + uiux-review; per-state browser evidence pending,Source owner reviewed; shared tokens applied; interaction/state verification pending,Static source discovery only
Flow Survey / Monthly Review,data,[data-week-key],web/assets/workflow-26.js,Preserve existing action/value/state,Shared native controls/surface/type tokens,"Retain IDs, handlers, options and source bytes","Empty, loaded, busy, stale, error, partial; conditional runtime review required","Name, keyboard, visible focus, semantic state; colour-independent evidence",Existing smoke/unit suites + uiux-review; per-state browser evidence pending,Source owner reviewed; shared tokens applied; interaction/state verification pending,Static source discovery only
Flow Survey / Monthly Review,data,[data-week-kind],web/assets/workflow-26.js,Preserve existing action/value/state,Shared native controls/surface/type tokens,"Retain IDs, handlers, options and source bytes","Empty, loaded, busy, stale, error, partial; conditional runtime review required","Name, keyboard, visible focus, semantic state; colour-independent evidence",Existing smoke/unit suites + uiux-review; per-state browser evidence pending,Source owner reviewed; shared tokens applied; interaction/state verification pending,Static source discovery only
Flow Survey / Monthly Review,data,[data-week-name],web/assets/workflow-26.js,Preserve existing action/value/state,Shared native controls/surface/type tokens,"Retain IDs, handlers, options and source bytes","Empty, loaded, busy, stale, error, partial; conditional runtime review required","Name, keyboard, visible focus, semantic state; colour-independent evidence",Existing smoke/unit suites + uiux-review; per-state browser evidence pending,Source owner reviewed; shared tokens applied; interaction/state verification pending,Static source discovery only
Flow Survey / Monthly Review,data,[data-week-note],web/assets/workflow-26.js,Preserve existing action/value/state,Shared native controls/surface/type tokens,"Retain IDs, handlers, options and source bytes","Empty, loaded, busy, stale, error, partial; conditional runtime review required","Name, keyboard, visible focus, semantic state; colour-independent evidence",Existing smoke/unit suites + uiux-review; per-state browser evidence pending,Source owner reviewed; shared tokens applied; interaction/state verification pending,Static source discovery only
Flow Survey / Monthly Review,data,[data-week-reset],web/assets/workflow-26.js,Preserve existing action/value/state,Shared native controls/surface/type tokens,"Retain IDs, handlers, options and source bytes","Empty, loaded, busy, stale, error, partial; conditional runtime review required","Name, keyboard, visible focus, semantic state; colour-independent evidence",Existing smoke/unit suites + uiux-review; per-state browser evidence pending,Source owner reviewed; shared tokens applied; interaction/state verification pending,Static source discovery only
Flow Survey / Monthly Review,data,[data-week-row],web/assets/workflow-26.js,Preserve existing action/value/state,Shared native controls/surface/type tokens,"Retain IDs, handlers, options and source bytes","Empty, loaded, busy, stale, error, partial; conditional runtime review required","Name, keyboard, visible focus, semantic state; colour-independent evidence",Existing smoke/unit suites + uiux-review; per-state browser evidence pending,Source owner reviewed; shared tokens applied; interaction/state verification pending,Static source discovery only
Flow Survey / Monthly Review,data,[data-week-save],web/assets/workflow-26.js,Preserve existing action/value/state,Shared native controls/surface/type tokens,"Retain IDs, handlers, options and source bytes","Empty, loaded, busy, stale, error, partial; conditional runtime review required","Name, keyboard, visible focus, semantic state; colour-independent evidence",Existing smoke/unit suites + uiux-review; per-state browser evidence pending,Source owner reviewed; shared tokens applied; interaction/state verification pending,Static source discovery only
Flow Survey / Monthly Review,id,"[id^=""assessmentCanvas-""]",web/assets/workflow-26.js,Preserve existing action/value/state,Shared native controls/surface/type tokens,"Retain IDs, handlers, options and source bytes","Empty, loaded, busy, stale, error, partial; conditional runtime review required","Name, keyboard, visible focus, semantic state; colour-independent evidence",Existing smoke/unit suites + uiux-review; per-state browser evidence pending,Source owner reviewed; shared tokens applied; interaction/state verification pending,Static source discovery only
Flow Survey / Monthly Review,id,"[id^=""assessmentDrawer-""]",web/assets/workflow-26.js,Preserve existing action/value/state,Shared native controls/surface/type tokens,"Retain IDs, handlers, options and source bytes","Empty, loaded, busy, stale, error, partial; conditional runtime review required","Name, keyboard, visible focus, semantic state; colour-independent evidence",Existing smoke/unit suites + uiux-review; per-state browser evidence pending,Source owner reviewed; shared tokens applied; interaction/state verification pending,Static source discovery only
Flow Survey / Monthly Review,id,"[id^=""assessmentExceptions-""]",web/assets/workflow-26.js,Preserve existing action/value/state,Shared native controls/surface/type tokens,"Retain IDs, handlers, options and source bytes","Empty, loaded, busy, stale, error, partial; conditional runtime review required","Name, keyboard, visible focus, semantic state; colour-independent evidence",Existing smoke/unit suites + uiux-review; per-state browser evidence pending,Source owner reviewed; shared tokens applied; interaction/state verification pending,Static source discovery only
Flow Survey / Monthly Review,id,"[id^=""assessmentMatrix-""]",web/assets/workflow-26.js,Preserve existing action/value/state,Shared native controls/surface/type tokens,"Retain IDs, handlers, options and source bytes","Empty, loaded, busy, stale, error, partial; conditional runtime review required","Name, keyboard, visible focus, semantic state; colour-independent evidence",Existing smoke/unit suites + uiux-review; per-state browser evidence pending,Source owner reviewed; shared tokens applied; interaction/state verification pending,Static source discovery only
Flow Survey / Monthly Review,id,"[id^=""assessmentSchematic-""]",web/assets/workflow-26.js,Preserve existing action/value/state,Shared native controls/surface/type tokens,"Retain IDs, handlers, options and source bytes","Empty, loaded, busy, stale, error, partial; conditional runtime review required","Name, keyboard, visible focus, semantic state; colour-independent evidence",Existing smoke/unit suites + uiux-review; per-state browser evidence pending,Source owner reviewed; shared tokens applied; interaction/state verification pending,Static source discovery only
Flow Survey / Monthly Review,id,"[id^=""assessmentSchematicViewport-""]",web/assets/workflow-26.js,Preserve existing action/value/state,Shared native controls/surface/type tokens,"Retain IDs, handlers, options and source bytes","Empty, loaded, busy, stale, error, partial; conditional runtime review required","Name, keyboard, visible focus, semantic state; colour-independent evidence",Existing smoke/unit suites + uiux-review; per-state browser evidence pending,Source owner reviewed; shared tokens applied; interaction/state verification pending,Static source discovery only
Flow Survey / Monthly Review,id,"[id^=""assessmentSearch-""]",web/assets/workflow-26.js,Preserve existing action/value/state,Shared native controls/surface/type tokens,"Retain IDs, handlers, options and source bytes","Empty, loaded, busy, stale, error, partial; conditional runtime review required","Name, keyboard, visible focus, semantic state; colour-independent evidence",Existing smoke/unit suites + uiux-review; per-state browser evidence pending,Source owner reviewed; shared tokens applied; interaction/state verification pending,Static source discovery only
Flow Survey / Monthly Review,id,"[id^=""assessmentWeek-""]",web/assets/workflow-26.js,Preserve existing action/value/state,Shared native controls/surface/type tokens,"Retain IDs, handlers, options and source bytes","Empty, loaded, busy, stale, error, partial; conditional runtime review required","Name, keyboard, visible focus, semantic state; colour-independent evidence",Existing smoke/unit suites + uiux-review; per-state browser evidence pending,Source owner reviewed; shared tokens applied; interaction/state verification pending,Static source discovery only
Flow Survey / Monthly Review,id,"[id^=""assessmentZoom-""]",web/assets/workflow-26.js,Preserve existing action/value/state,Shared native controls/surface/type tokens,"Retain IDs, handlers, options and source bytes","Empty, loaded, busy, stale, error, partial; conditional runtime review required","Name, keyboard, visible focus, semantic state; colour-independent evidence",Existing smoke/unit suites + uiux-review; per-state browser evidence pending,Source owner reviewed; shared tokens applied; interaction/state verification pending,Static source discovery only
Detriment,id,"[id^=""dtError-""]",web/assets/detriment-workspace.js,Preserve existing action/value/state,Shared native controls/surface/type tokens,"Retain IDs, handlers, options and source bytes","Empty, loaded, busy, stale, error, partial; conditional runtime review required","Name, keyboard, visible focus, semantic state; colour-independent evidence",Existing smoke/unit suites + uiux-review; per-state browser evidence pending,Source owner reviewed; shared tokens applied; interaction/state verification pending,Static source discovery only
Global / shared / route ownership pending runtime inventory,id,"[id^=""fastpath-""]",web/assets/runtime.release.js,Preserve existing action/value/state,Shared native controls/surface/type tokens,"Retain IDs, handlers, options and source bytes","Empty, loaded, busy, stale, error, partial; conditional runtime review required","Name, keyboard, visible focus, semantic state; colour-independent evidence",Existing smoke/unit suites + uiux-review; per-state browser evidence pending,Source owner reviewed; shared tokens applied; interaction/state verification pending,Static source discovery only
Global / shared / route ownership pending runtime inventory,id,"[id^=""spill-""]",web/assets/precision-workbench.js,Preserve existing action/value/state,Shared native controls/surface/type tokens,"Retain IDs, handlers, options and source bytes","Empty, loaded, busy, stale, error, partial; conditional runtime review required","Name, keyboard, visible focus, semantic state; colour-independent evidence",Existing smoke/unit suites + uiux-review; per-state browser evidence pending,Source owner reviewed; shared tokens applied; interaction/state verification pending,Static source discovery only
Network Schematic,dynamic markup,button,web/assets/detriment-workspace.js; web/assets/fastpath-preview.js; web/assets/network-schematic.js; web/assets/precision-workbench.js; web/assets/workbench-v2.js; web/assets/workflow-26.js,Preserve existing action/value/state,Shared native controls/surface/type tokens,"Retain IDs, handlers, options and source bytes","Empty, loaded, busy, stale, error, partial; conditional runtime review required","Name, keyboard, visible focus, semantic state; colour-independent evidence",Existing smoke/unit suites + uiux-review; per-state browser evidence pending,Source owner reviewed; shared tokens applied; interaction/state verification pending,Static source discovery only
Global / shared / route ownership pending runtime inventory,dynamic markup,button.active,web/assets/workbench-v2.js,Preserve existing action/value/state,Shared native controls/surface/type tokens,"Retain IDs, handlers, options and source bytes","Empty, loaded, busy, stale, error, partial; conditional runtime review required","Name, keyboard, visible focus, semantic state; colour-independent evidence",Existing smoke/unit suites + uiux-review; per-state browser evidence pending,Source owner reviewed; shared tokens applied; interaction/state verification pending,Static source discovery only
Flow Survey / Monthly Review,dynamic markup,button.btn,web/assets/workflow-26.js,Preserve existing action/value/state,Shared native controls/surface/type tokens,"Retain IDs, handlers, options and source bytes","Empty, loaded, busy, stale, error, partial; conditional runtime review required","Name, keyboard, visible focus, semantic state; colour-independent evidence",Existing smoke/unit suites + uiux-review; per-state browser evidence pending,Source owner reviewed; shared tokens applied; interaction/state verification pending,Static source discovery only
Flow Survey / Monthly Review,dynamic markup,button.btn.primary,web/assets/workflow-26.js,Preserve existing action/value/state,Shared native controls/surface/type tokens,"Retain IDs, handlers, options and source bytes","Empty, loaded, busy, stale, error, partial; conditional runtime review required","Name, keyboard, visible focus, semantic state; colour-independent evidence",Existing smoke/unit suites + uiux-review; per-state browser evidence pending,Source owner reviewed; shared tokens applied; interaction/state verification pending,Static source discovery only
Flow Survey / Monthly Review,dynamic markup,button.btn.quiet,web/assets/runtime.release.js; web/assets/workflow-26.js,Preserve existing action/value/state,Shared native controls/surface/type tokens,"Retain IDs, handlers, options and source bytes","Empty, loaded, busy, stale, error, partial; conditional runtime review required","Name, keyboard, visible focus, semantic state; colour-independent evidence",Existing smoke/unit suites + uiux-review; per-state browser evidence pending,Source owner reviewed; shared tokens applied; interaction/state verification pending,Static source discovery only
Flow Survey / Monthly Review,dynamic markup,button.btn.quiet.confirm-rain-match,web/assets/workbench-survey.js,Preserve existing action/value/state,Shared native controls/surface/type tokens,"Retain IDs, handlers, options and source bytes","Empty, loaded, busy, stale, error, partial; conditional runtime review required","Name, keyboard, visible focus, semantic state; colour-independent evidence",Existing smoke/unit suites + uiux-review; per-state browser evidence pending,Source owner reviewed; shared tokens applied; interaction/state verification pending,Static source discovery only
Flow Survey / Monthly Review,dynamic markup,button.btn.quiet.w26-review-button,web/assets/workflow-26.js,Preserve existing action/value/state,Shared native controls/surface/type tokens,"Retain IDs, handlers, options and source bytes","Empty, loaded, busy, stale, error, partial; conditional runtime review required","Name, keyboard, visible focus, semantic state; colour-independent evidence",Existing smoke/unit suites + uiux-review; per-state browser evidence pending,Source owner reviewed; shared tokens applied; interaction/state verification pending,Static source discovery only
Network Schematic,dynamic markup,button.ns-asset-link,web/assets/network-schematic.js,Preserve existing action/value/state,Shared native controls/surface/type tokens,"Retain IDs, handlers, options and source bytes","Empty, loaded, busy, stale, error, partial; conditional runtime review required","Name, keyboard, visible focus, semantic state; colour-independent evidence",Existing smoke/unit suites + uiux-review; per-state browser evidence pending,Source owner reviewed; shared tokens applied; interaction/state verification pending,Static source discovery only
Network Schematic,dynamic markup,button.ns-danger,web/assets/network-schematic.js,Preserve existing action/value/state,Shared native controls/surface/type tokens,"Retain IDs, handlers, options and source bytes","Empty, loaded, busy, stale, error, partial; conditional runtime review required","Name, keyboard, visible focus, semantic state; colour-independent evidence",Existing smoke/unit suites + uiux-review; per-state browser evidence pending,Source owner reviewed; shared tokens applied; interaction/state verification pending,Static source discovery only
Network Schematic,dynamic markup,button.ns-table-year,web/assets/network-schematic.js,Preserve existing action/value/state,Shared native controls/surface/type tokens,"Retain IDs, handlers, options and source bytes","Empty, loaded, busy, stale, error, partial; conditional runtime review required","Name, keyboard, visible focus, semantic state; colour-independent evidence",Existing smoke/unit suites + uiux-review; per-state browser evidence pending,Source owner reviewed; shared tokens applied; interaction/state verification pending,Static source discovery only
Global / shared / route ownership pending runtime inventory,dynamic markup,button.source-remove-btn,web/assets/runtime.release.js,Preserve existing action/value/state,Shared native controls/surface/type tokens,"Retain IDs, handlers, options and source bytes","Empty, loaded, busy, stale, error, partial; conditional runtime review required","Name, keyboard, visible focus, semantic state; colour-independent evidence",Existing smoke/unit suites + uiux-review; per-state browser evidence pending,Source owner reviewed; shared tokens applied; interaction/state verification pending,Static source discovery only
Global / shared / route ownership pending runtime inventory,dynamic markup,button.tab,web/index.html,Preserve existing action/value/state,Shared native controls/surface/type tokens,"Retain IDs, handlers, options and source bytes","Empty, loaded, busy, stale, error, partial; conditional runtime review required","Name, keyboard, visible focus, semantic state; colour-independent evidence",Existing smoke/unit suites + uiux-review; per-state browser evidence pending,Source owner reviewed; shared tokens applied; interaction/state verification pending,Static source discovery only
Global / shared / route ownership pending runtime inventory,dynamic markup,button.tab.active,web/index.html,Preserve existing action/value/state,Shared native controls/surface/type tokens,"Retain IDs, handlers, options and source bytes","Empty, loaded, busy, stale, error, partial; conditional runtime review required","Name, keyboard, visible focus, semantic state; colour-independent evidence",Existing smoke/unit suites + uiux-review; per-state browser evidence pending,Source owner reviewed; shared tokens applied; interaction/state verification pending,Static source discovery only
Network Schematic,dynamic markup,input,web/assets/app.js; web/assets/detriment-workspace.js; web/assets/network-schematic.js; web/assets/precision-workbench.js; web/assets/runtime.js; web/assets/runtime.release.js,Preserve existing action/value/state,Shared native controls/surface/type tokens,"Retain IDs, handlers, options and source bytes","Empty, loaded, busy, stale, error, partial; conditional runtime review required","Name, keyboard, visible focus, semantic state; colour-independent evidence",Existing smoke/unit suites + uiux-review; per-state browser evidence pending,Source owner reviewed; shared tokens applied; interaction/state verification pending,Static source discovery only
Global / shared / route ownership pending runtime inventory,dynamic markup,input.model-colour,web/assets/runtime.js; web/assets/runtime.release.js,Preserve existing action/value/state,Shared native controls/surface/type tokens,"Retain IDs, handlers, options and source bytes","Empty, loaded, busy, stale, error, partial; conditional runtime review required","Name, keyboard, visible focus, semantic state; colour-independent evidence",Existing smoke/unit suites + uiux-review; per-state browser evidence pending,Source owner reviewed; shared tokens applied; interaction/state verification pending,Static source discovery only
Global / shared / route ownership pending runtime inventory,dynamic markup,input.pw-model-search,web/assets/precision-workbench.js,Preserve existing action/value/state,Shared native controls/surface/type tokens,"Retain IDs, handlers, options and source bytes","Empty, loaded, busy, stale, error, partial; conditional runtime review required","Name, keyboard, visible focus, semantic state; colour-independent evidence",Existing smoke/unit suites + uiux-review; per-state browser evidence pending,Source owner reviewed; shared tokens applied; interaction/state verification pending,Static source discovery only
Flow Survey / Monthly Review,dynamic markup,input.w26-reviewer-input,web/assets/workflow-26.js,Preserve existing action/value/state,Shared native controls/surface/type tokens,"Retain IDs, handlers, options and source bytes","Empty, loaded, busy, stale, error, partial; conditional runtime review required","Name, keyboard, visible focus, semantic state; colour-independent evidence",Existing smoke/unit suites + uiux-review; per-state browser evidence pending,Source owner reviewed; shared tokens applied; interaction/state verification pending,Static source discovery only
Flow Survey / Monthly Review,dynamic markup,input.weekly-reviewer,web/assets/workflow-26.js,Preserve existing action/value/state,Shared native controls/surface/type tokens,"Retain IDs, handlers, options and source bytes","Empty, loaded, busy, stale, error, partial; conditional runtime review required","Name, keyboard, visible focus, semantic state; colour-independent evidence",Existing smoke/unit suites + uiux-review; per-state browser evidence pending,Source owner reviewed; shared tokens applied; interaction/state verification pending,Static source discovery only
Network Schematic,dynamic markup,select,web/assets/detriment-workspace.js; web/assets/network-schematic.js; web/assets/runtime.release.js,Preserve existing action/value/state,Shared native controls/surface/type tokens,"Retain IDs, handlers, options and source bytes","Empty, loaded, busy, stale, error, partial; conditional runtime review required","Name, keyboard, visible focus, semantic state; colour-independent evidence",Existing smoke/unit suites + uiux-review; per-state browser evidence pending,Source owner reviewed; shared tokens applied; interaction/state verification pending,Static source discovery only
Flow Survey / Monthly Review,dynamic markup,select.w26-reviewed-status,web/assets/workflow-26.js,Preserve existing action/value/state,Shared native controls/surface/type tokens,"Retain IDs, handlers, options and source bytes","Empty, loaded, busy, stale, error, partial; conditional runtime review required","Name, keyboard, visible focus, semantic state; colour-independent evidence",Existing smoke/unit suites + uiux-review; per-state browser evidence pending,Source owner reviewed; shared tokens applied; interaction/state verification pending,Static source discovery only
Flow Survey / Monthly Review,dynamic markup,select.weekly-rating,web/assets/workflow-26.js,Preserve existing action/value/state,Shared native controls/surface/type tokens,"Retain IDs, handlers, options and source bytes","Empty, loaded, busy, stale, error, partial; conditional runtime review required","Name, keyboard, visible focus, semantic state; colour-independent evidence",Existing smoke/unit suites + uiux-review; per-state browser evidence pending,Source owner reviewed; shared tokens applied; interaction/state verification pending,Static source discovery only
Network Schematic,dynamic markup,summary,web/assets/detriment-workspace.js; web/assets/domain-registry.js; web/assets/network-schematic.js; web/assets/precision-workbench.js; web/assets/runtime.release.js; web/assets/workbench-v2.js; web/assets/workflow-26.js; web/index.html,Preserve existing action/value/state,Shared native controls/surface/type tokens,"Retain IDs, handlers, options and source bytes","Empty, loaded, busy, stale, error, partial; conditional runtime review required","Name, keyboard, visible focus, semantic state; colour-independent evidence",Existing smoke/unit suites + uiux-review; per-state browser evidence pending,Source owner reviewed; shared tokens applied; interaction/state verification pending,Static source discovery only
Network Schematic,dynamic markup,table,web/assets/app.js; web/assets/detriment-workspace.js; web/assets/network-schematic.js; web/assets/runtime.js; web/assets/runtime.release.js; web/assets/workbench-survey.js; web/assets/workbench-v3.js; web/assets/workflow-26.js,Preserve existing action/value/state,Shared native controls/surface/type tokens,"Retain IDs, handlers, options and source bytes","Empty, loaded, busy, stale, error, partial; conditional runtime review required","Name, keyboard, visible focus, semantic state; colour-independent evidence",Existing smoke/unit suites + uiux-review; per-state browser evidence pending,Source owner reviewed; shared tokens applied; interaction/state verification pending,Static source discovery only
Detriment,dynamic markup,table.data-table,web/assets/app.js; web/assets/detriment-workspace.js; web/assets/runtime.js; web/assets/runtime.release.js; web/assets/workbench-v2.js; web/assets/workbench-v3.js; web/assets/workflow-26.js; web/index.html,Preserve existing action/value/state,Shared native controls/surface/type tokens,"Retain IDs, handlers, options and source bytes","Empty, loaded, busy, stale, error, partial; conditional runtime review required","Name, keyboard, visible focus, semantic state; colour-independent evidence",Existing smoke/unit suites + uiux-review; per-state browser evidence pending,Source owner reviewed; shared tokens applied; interaction/state verification pending,Static source discovery only
Global / shared / route ownership pending runtime inventory,dynamic markup,table.data-table.compact,web/assets/domain-registry.js,Preserve existing action/value/state,Shared native controls/surface/type tokens,"Retain IDs, handlers, options and source bytes","Empty, loaded, busy, stale, error, partial; conditional runtime review required","Name, keyboard, visible focus, semantic state; colour-independent evidence",Existing smoke/unit suites + uiux-review; per-state browser evidence pending,Source owner reviewed; shared tokens applied; interaction/state verification pending,Static source discovery only
Global / shared / route ownership pending runtime inventory,dynamic markup,table.data-table.pw-summary-table,web/assets/precision-workbench.js,Preserve existing action/value/state,Shared native controls/surface/type tokens,"Retain IDs, handlers, options and source bytes","Empty, loaded, busy, stale, error, partial; conditional runtime review required","Name, keyboard, visible focus, semantic state; colour-independent evidence",Existing smoke/unit suites + uiux-review; per-state browser evidence pending,Source owner reviewed; shared tokens applied; interaction/state verification pending,Static source discovery only
Flow Survey / Monthly Review,dynamic markup,table.data-table.survey-table,web/assets/workbench-survey.js; web/index.html,Preserve existing action/value/state,Shared native controls/surface/type tokens,"Retain IDs, handlers, options and source bytes","Empty, loaded, busy, stale, error, partial; conditional runtime review required","Name, keyboard, visible focus, semantic state; colour-independent evidence",Existing smoke/unit suites + uiux-review; per-state browser evidence pending,Source owner reviewed; shared tokens applied; interaction/state verification pending,Static source discovery only
Flow Survey / Monthly Review,dynamic markup,table.data-table.survey-table.balance-table,web/assets/workbench-survey.js,Preserve existing action/value/state,Shared native controls/surface/type tokens,"Retain IDs, handlers, options and source bytes","Empty, loaded, busy, stale, error, partial; conditional runtime review required","Name, keyboard, visible focus, semantic state; colour-independent evidence",Existing smoke/unit suites + uiux-review; per-state browser evidence pending,Source owner reviewed; shared tokens applied; interaction/state verification pending,Static source discovery only
Flow Survey / Monthly Review,dynamic markup,table.data-table.survey-table.w26-monitor-table,web/assets/workflow-26.js,Preserve existing action/value/state,Shared native controls/surface/type tokens,"Retain IDs, handlers, options and source bytes","Empty, loaded, busy, stale, error, partial; conditional runtime review required","Name, keyboard, visible focus, semantic state; colour-independent evidence",Existing smoke/unit suites + uiux-review; per-state browser evidence pending,Source owner reviewed; shared tokens applied; interaction/state verification pending,Static source discovery only
Global / shared / route ownership pending runtime inventory,dynamic markup,table.data-table.survey-table.wide,web/index.html,Preserve existing action/value/state,Shared native controls/surface/type tokens,"Retain IDs, handlers, options and source bytes","Empty, loaded, busy, stale, error, partial; conditional runtime review required","Name, keyboard, visible focus, semantic state; colour-independent evidence",Existing smoke/unit suites + uiux-review; per-state browser evidence pending,Source owner reviewed; shared tokens applied; interaction/state verification pending,Static source discovery only
Flow Survey / Monthly Review,dynamic markup,table.data-table.weekly-review-table,web/assets/workflow-26.js,Preserve existing action/value/state,Shared native controls/surface/type tokens,"Retain IDs, handlers, options and source bytes","Empty, loaded, busy, stale, error, partial; conditional runtime review required","Name, keyboard, visible focus, semantic state; colour-independent evidence",Existing smoke/unit suites + uiux-review; per-state browser evidence pending,Source owner reviewed; shared tokens applied; interaction/state verification pending,Static source discovery only
Global / shared / route ownership pending runtime inventory,dynamic markup,table.graph-stats-compact.data-table,web/assets/runtime.release.js,Preserve existing action/value/state,Shared native controls/surface/type tokens,"Retain IDs, handlers, options and source bytes","Empty, loaded, busy, stale, error, partial; conditional runtime review required","Name, keyboard, visible focus, semantic state; colour-independent evidence",Existing smoke/unit suites + uiux-review; per-state browser evidence pending,Source owner reviewed; shared tokens applied; interaction/state verification pending,Static source discovery only
Network Schematic,dynamic markup,table.ns-annual-table,web/assets/network-schematic.js,Preserve existing action/value/state,Shared native controls/surface/type tokens,"Retain IDs, handlers, options and source bytes","Empty, loaded, busy, stale, error, partial; conditional runtime review required","Name, keyboard, visible focus, semantic state; colour-independent evidence",Existing smoke/unit suites + uiux-review; per-state browser evidence pending,Source owner reviewed; shared tokens applied; interaction/state verification pending,Static source discovery only
Global / shared / route ownership pending runtime inventory,dynamic markup,table.spill-matrix,web/assets/runtime.release.js,Preserve existing action/value/state,Shared native controls/surface/type tokens,"Retain IDs, handlers, options and source bytes","Empty, loaded, busy, stale, error, partial; conditional runtime review required","Name, keyboard, visible focus, semantic state; colour-independent evidence",Existing smoke/unit suites + uiux-review; per-state browser evidence pending,Source owner reviewed; shared tokens applied; interaction/state verification pending,Static source discovery only
Flow Survey / Monthly Review,dynamic markup,table.w26-week-matrix,web/assets/workflow-26.js,Preserve existing action/value/state,Shared native controls/surface/type tokens,"Retain IDs, handlers, options and source bytes","Empty, loaded, busy, stale, error, partial; conditional runtime review required","Name, keyboard, visible focus, semantic state; colour-independent evidence",Existing smoke/unit suites + uiux-review; per-state browser evidence pending,Source owner reviewed; shared tokens applied; interaction/state verification pending,Static source discovery only
Flow Survey / Monthly Review,dynamic markup,textarea.w26-review-reason-input,web/assets/workflow-26.js,Preserve existing action/value/state,Shared native controls/surface/type tokens,"Retain IDs, handlers, options and source bytes","Empty, loaded, busy, stale, error, partial; conditional runtime review required","Name, keyboard, visible focus, semantic state; colour-independent evidence",Existing smoke/unit suites + uiux-review; per-state browser evidence pending,Source owner reviewed; shared tokens applied; interaction/state verification pending,Static source discovery only
Flow Survey / Monthly Review,dynamic markup,textarea.weekly-comment,web/assets/workflow-26.js,Preserve existing action/value/state,Shared native controls/surface/type tokens,"Retain IDs, handlers, options and source bytes","Empty, loaded, busy, stale, error, partial; conditional runtime review required","Name, keyboard, visible focus, semantic state; colour-independent evidence",Existing smoke/unit suites + uiux-review; per-state browser evidence pending,Source owner reviewed; shared tokens applied; interaction/state verification pending,Static source discovery only
